subject_id,subject_numeric_id,window_idx,start_sample,end_sample,start_time_sec,end_time_sec,window_samples,num_channels,split
s00,0,0,0,500,0.0,2.0,500,19,train
s00,0,1,250,750,1.0,3.0,500,19,train
s00,0,2,500,1000,2.0,4.0,500,19,train
s00,0,3,750,1250,3.0,5.0,500,19,train
s00,0,4,1000,1500,4.0,6.0,500,19,train
s00,0,5,1250,1750,5.0,7.0,500,19,train
s00,0,6,1500,2000,6.0,8.0,500,19,train
s00,0,7,1750,2250,7.0,9.0,500,19,train
s00,0,8,2000,2500,8.0,10.0,500,19,train
s00,0,9,2250,2750,9.0,11.0,500,19,train
s00,0,10,2500,3000,10.0,12.0,500,19,train
s00,0,11,2750,3250,11.0,13.0,500,19,train
s00,0,12,3000,3500,12.0,14.0,500,19,train
s00,0,13,3250,3750,13.0,15.0,500,19,train
s00,0,14,3500,4000,14.0,16.0,500,19,train
s00,0,15,3750,4250,15.0,17.0,500,19,train
s00,0,16,4000,4500,16.0,18.0,500,19,train
s00,0,17,4250,4750,17.0,19.0,500,19,train
s00,0,18,4500,5000,18.0,20.0,500,19,train
s00,0,19,4750,5250,19.0,21.0,500,19,train
s00,0,20,5000,5500,20.0,22.0,500,19,train
s00,0,21,5250,5750,21.0,23.0,500,19,train
s00,0,22,5500,6000,22.0,24.0,500,19,train
s00,0,23,5750,6250,23.0,25.0,500,19,train
s00,0,24,6000,6500,24.0,26.0,500,19,train
s00,0,25,6250,6750,25.0,27.0,500,19,train
s00,0,26,6500,7000,26.0,28.0,500,19,train
s00,0,27,6750,7250,27.0,29.0,500,19,train
s00,0,28,7000,7500,28.0,30.0,500,19,train
s00,0,29,7250,7750,29.0,31.0,500,19,train
s00,0,30,7500,8000,30.0,32.0,500,19,train
s00,0,31,7750,8250,31.0,33.0,500,19,train
s00,0,32,8000,8500,32.0,34.0,500,19,train
s00,0,33,8250,8750,33.0,35.0,500,19,train
s00,0,34,8500,9000,34.0,36.0,500,19,train
s00,0,35,8750,9250,35.0,37.0,500,19,train
s00,0,36,9000,9500,36.0,38.0,500,19,train
s00,0,37,9250,9750,37.0,39.0,500,19,train
s00,0,38,9500,10000,38.0,40.0,500,19,train
s00,0,39,9750,10250,39.0,41.0,500,19,train
s00,0,40,10000,10500,40.0,42.0,500,19,train
s00,0,41,10250,10750,41.0,43.0,500,19,train
s00,0,42,10500,11000,42.0,44.0,500,19,train
s00,0,43,10750,11250,43.0,45.0,500,19,train
s00,0,44,11000,11500,44.0,46.0,500,19,train
s00,0,45,11250,11750,45.0,47.0,500,19,train
s00,0,46,11500,12000,46.0,48.0,500,19,train
s00,0,47,11750,12250,47.0,49.0,500,19,train
s00,0,48,12000,12500,48.0,50.0,500,19,train
s00,0,49,12250,12750,49.0,51.0,500,19,train
s00,0,50,12500,13000,50.0,52.0,500,19,train
s00,0,51,12750,13250,51.0,53.0,500,19,train
s00,0,52,13000,13500,52.0,54.0,500,19,train
s00,0,53,13250,13750,53.0,55.0,500,19,train
s00,0,54,13500,14000,54.0,56.0,500,19,train
s00,0,55,13750,14250,55.0,57.0,500,19,train
s00,0,56,14000,14500,56.0,58.0,500,19,train
s00,0,57,14250,14750,57.0,59.0,500,19,train
s00,0,58,14500,15000,58.0,60.0,500,19,train
s00,0,59,14750,15250,59.0,61.0,500,19,train
s00,0,60,15000,15500,60.0,62.0,500,19,train
s01,1,0,0,500,0.0,2.0,500,19,train
s01,1,1,250,750,1.0,3.0,500,19,train
s01,1,2,500,1000,2.0,4.0,500,19,train
s01,1,3,750,1250,3.0,5.0,500,19,train
s01,1,4,1000,1500,4.0,6.0,500,19,train
s01,1,5,1250,1750,5.0,7.0,500,19,train
s01,1,6,1500,2000,6.0,8.0,500,19,train
s01,1,7,1750,2250,7.0,9.0,500,19,train
s01,1,8,2000,2500,8.0,10.0,500,19,train
s01,1,9,2250,2750,9.0,11.0,500,19,train
s01,1,10,2500,3000,10.0,12.0,500,19,train
s01,1,11,2750,3250,11.0,13.0,500,19,train
s01,1,12,3000,3500,12.0,14.0,500,19,train
s01,1,13,3250,3750,13.0,15.0,500,19,train
s01,1,14,3500,4000,14.0,16.0,500,19,train
s01,1,15,3750,4250,15.0,17.0,500,19,train
s01,1,16,4000,4500,16.0,18.0,500,19,train
s01,1,17,4250,4750,17.0,19.0,500,19,train
s01,1,18,4500,5000,18.0,20.0,500,19,train
s01,1,19,4750,5250,19.0,21.0,500,19,train
s01,1,20,5000,5500,20.0,22.0,500,19,train
s01,1,21,5250,5750,21.0,23.0,500,19,train
s01,1,22,5500,6000,22.0,24.0,500,19,train
s01,1,23,5750,6250,23.0,25.0,500,19,train
s01,1,24,6000,6500,24.0,26.0,500,19,train
s01,1,25,6250,6750,25.0,27.0,500,19,train
s01,1,26,6500,7000,26.0,28.0,500,19,train
s01,1,27,6750,7250,27.0,29.0,500,19,train
s01,1,28,7000,7500,28.0,30.0,500,19,train
s01,1,29,7250,7750,29.0,31.0,500,19,train
s01,1,30,7500,8000,30.0,32.0,500,19,train
s01,1,31,7750,8250,31.0,33.0,500,19,train
s01,1,32,8000,8500,32.0,34.0,500,19,train
s01,1,33,8250,8750,33.0,35.0,500,19,train
s01,1,34,8500,9000,34.0,36.0,500,19,train
s01,1,35,8750,9250,35.0,37.0,500,19,train
s01,1,36,9000,9500,36.0,38.0,500,19,train
s01,1,37,9250,9750,37.0,39.0,500,19,train
s01,1,38,9500,10000,38.0,40.0,500,19,train
s01,1,39,9750,10250,39.0,41.0,500,19,train
s01,1,40,10000,10500,40.0,42.0,500,19,train
s01,1,41,10250,10750,41.0,43.0,500,19,train
s01,1,42,10500,11000,42.0,44.0,500,19,train
s01,1,43,10750,11250,43.0,45.0,500,19,train
s01,1,44,11000,11500,44.0,46.0,500,19,train
s01,1,45,11250,11750,45.0,47.0,500,19,train
s01,1,46,11500,12000,46.0,48.0,500,19,train
s01,1,47,11750,12250,47.0,49.0,500,19,train
s01,1,48,12000,12500,48.0,50.0,500,19,train
s01,1,49,12250,12750,49.0,51.0,500,19,train
s01,1,50,12500,13000,50.0,52.0,500,19,train
s01,1,51,12750,13250,51.0,53.0,500,19,train
s01,1,52,13000,13500,52.0,54.0,500,19,train
s01,1,53,13250,13750,53.0,55.0,500,19,train
s01,1,54,13500,14000,54.0,56.0,500,19,train
s01,1,55,13750,14250,55.0,57.0,500,19,train
s01,1,56,14000,14500,56.0,58.0,500,19,train
s01,1,57,14250,14750,57.0,59.0,500,19,train
s01,1,58,14500,15000,58.0,60.0,500,19,train
s01,1,59,14750,15250,59.0,61.0,500,19,train
s01,1,60,15000,15500,60.0,62.0,500,19,train
s02,2,0,0,500,0.0,2.0,500,19,train
s02,2,1,250,750,1.0,3.0,500,19,train
s02,2,2,500,1000,2.0,4.0,500,19,train
s02,2,3,750,1250,3.0,5.0,500,19,train
s02,2,4,1000,1500,4.0,6.0,500,19,train
s02,2,5,1250,1750,5.0,7.0,500,19,train
s02,2,6,1500,2000,6.0,8.0,500,19,train
s02,2,7,1750,2250,7.0,9.0,500,19,train
s02,2,8,2000,2500,8.0,10.0,500,19,train
s02,2,9,2250,2750,9.0,11.0,500,19,train
s02,2,10,2500,3000,10.0,12.0,500,19,train
s02,2,11,2750,3250,11.0,13.0,500,19,train
s02,2,12,3000,3500,12.0,14.0,500,19,train
s02,2,13,3250,3750,13.0,15.0,500,19,train
s02,2,14,3500,4000,14.0,16.0,500,19,train
s02,2,15,3750,4250,15.0,17.0,500,19,train
s02,2,16,4000,4500,16.0,18.0,500,19,train
s02,2,17,4250,4750,17.0,19.0,500,19,train
s02,2,18,4500,5000,18.0,20.0,500,19,train
s02,2,19,4750,5250,19.0,21.0,500,19,train
s02,2,20,5000,5500,20.0,22.0,500,19,train
s02,2,21,5250,5750,21.0,23.0,500,19,train
s02,2,22,5500,6000,22.0,24.0,500,19,train
s02,2,23,5750,6250,23.0,25.0,500,19,train
s02,2,24,6000,6500,24.0,26.0,500,19,train
s02,2,25,6250,6750,25.0,27.0,500,19,train
s02,2,26,6500,7000,26.0,28.0,500,19,train
s02,2,27,6750,7250,27.0,29.0,500,19,train
s02,2,28,7000,7500,28.0,30.0,500,19,train
s02,2,29,7250,7750,29.0,31.0,500,19,train
s02,2,30,7500,8000,30.0,32.0,500,19,train
s02,2,31,7750,8250,31.0,33.0,500,19,train
s02,2,32,8000,8500,32.0,34.0,500,19,train
s02,2,33,8250,8750,33.0,35.0,500,19,train
s02,2,34,8500,9000,34.0,36.0,500,19,train
s02,2,35,8750,9250,35.0,37.0,500,19,train
s02,2,36,9000,9500,36.0,38.0,500,19,train
s02,2,37,9250,9750,37.0,39.0,500,19,train
s02,2,38,9500,10000,38.0,40.0,500,19,train
s02,2,39,9750,10250,39.0,41.0,500,19,train
s02,2,40,10000,10500,40.0,42.0,500,19,train
s02,2,41,10250,10750,41.0,43.0,500,19,train
s02,2,42,10500,11000,42.0,44.0,500,19,train
s02,2,43,10750,11250,43.0,45.0,500,19,train
s02,2,44,11000,11500,44.0,46.0,500,19,train
s02,2,45,11250,11750,45.0,47.0,500,19,train
s02,2,46,11500,12000,46.0,48.0,500,19,train
s02,2,47,11750,12250,47.0,49.0,500,19,train
s02,2,48,12000,12500,48.0,50.0,500,19,train
s02,2,49,12250,12750,49.0,51.0,500,19,train
s02,2,50,12500,13000,50.0,52.0,500,19,train
s02,2,51,12750,13250,51.0,53.0,500,19,train
s02,2,52,13000,13500,52.0,54.0,500,19,train
s02,2,53,13250,13750,53.0,55.0,500,19,train
s02,2,54,13500,14000,54.0,56.0,500,19,train
s02,2,55,13750,14250,55.0,57.0,500,19,train
s02,2,56,14000,14500,56.0,58.0,500,19,train
s02,2,57,14250,14750,57.0,59.0,500,19,train
s02,2,58,14500,15000,58.0,60.0,500,19,train
s02,2,59,14750,15250,59.0,61.0,500,19,train
s02,2,60,15000,15500,60.0,62.0,500,19,train
s03,3,0,0,500,0.0,2.0,500,19,train
s03,3,1,250,750,1.0,3.0,500,19,train
s03,3,2,500,1000,2.0,4.0,500,19,train
s03,3,3,750,1250,3.0,5.0,500,19,train
s03,3,4,1000,1500,4.0,6.0,500,19,train
s03,3,5,1250,1750,5.0,7.0,500,19,train
s03,3,6,1500,2000,6.0,8.0,500,19,train
s03,3,7,1750,2250,7.0,9.0,500,19,train
s03,3,8,2000,2500,8.0,10.0,500,19,train
s03,3,9,2250,2750,9.0,11.0,500,19,train
s03,3,10,2500,3000,10.0,12.0,500,19,train
s03,3,11,2750,3250,11.0,13.0,500,19,train
s03,3,12,3000,3500,12.0,14.0,500,19,train
s03,3,13,3250,3750,13.0,15.0,500,19,train
s03,3,14,3500,4000,14.0,16.0,500,19,train
s03,3,15,3750,4250,15.0,17.0,500,19,train
s03,3,16,4000,4500,16.0,18.0,500,19,train
s03,3,17,4250,4750,17.0,19.0,500,19,train
s03,3,18,4500,5000,18.0,20.0,500,19,train
s03,3,19,4750,5250,19.0,21.0,500,19,train
s03,3,20,5000,5500,20.0,22.0,500,19,train
s03,3,21,5250,5750,21.0,23.0,500,19,train
s03,3,22,5500,6000,22.0,24.0,500,19,train
s03,3,23,5750,6250,23.0,25.0,500,19,train
s03,3,24,6000,6500,24.0,26.0,500,19,train
s03,3,25,6250,6750,25.0,27.0,500,19,train
s03,3,26,6500,7000,26.0,28.0,500,19,train
s03,3,27,6750,7250,27.0,29.0,500,19,train
s03,3,28,7000,7500,28.0,30.0,500,19,train
s03,3,29,7250,7750,29.0,31.0,500,19,train
s03,3,30,7500,8000,30.0,32.0,500,19,train
s03,3,31,7750,8250,31.0,33.0,500,19,train
s03,3,32,8000,8500,32.0,34.0,500,19,train
s03,3,33,8250,8750,33.0,35.0,500,19,train
s03,3,34,8500,9000,34.0,36.0,500,19,train
s03,3,35,8750,9250,35.0,37.0,500,19,train
s03,3,36,9000,9500,36.0,38.0,500,19,train
s03,3,37,9250,9750,37.0,39.0,500,19,train
s03,3,38,9500,10000,38.0,40.0,500,19,train
s03,3,39,9750,10250,39.0,41.0,500,19,train
s03,3,40,10000,10500,40.0,42.0,500,19,train
s03,3,41,10250,10750,41.0,43.0,500,19,train
s03,3,42,10500,11000,42.0,44.0,500,19,train
s03,3,43,10750,11250,43.0,45.0,500,19,train
s03,3,44,11000,11500,44.0,46.0,500,19,train
s03,3,45,11250,11750,45.0,47.0,500,19,train
s03,3,46,11500,12000,46.0,48.0,500,19,train
s03,3,47,11750,12250,47.0,49.0,500,19,train
s03,3,48,12000,12500,48.0,50.0,500,19,train
s03,3,49,12250,12750,49.0,51.0,500,19,train
s03,3,50,12500,13000,50.0,52.0,500,19,train
s03,3,51,12750,13250,51.0,53.0,500,19,train
s03,3,52,13000,13500,52.0,54.0,500,19,train
s03,3,53,13250,13750,53.0,55.0,500,19,train
s03,3,54,13500,14000,54.0,56.0,500,19,train
s03,3,55,13750,14250,55.0,57.0,500,19,train
s03,3,56,14000,14500,56.0,58.0,500,19,train
s03,3,57,14250,14750,57.0,59.0,500,19,train
s03,3,58,14500,15000,58.0,60.0,500,19,train
s03,3,59,14750,15250,59.0,61.0,500,19,train
s03,3,60,15000,15500,60.0,62.0,500,19,train
s04,4,0,0,500,0.0,2.0,500,19,train
s04,4,1,250,750,1.0,3.0,500,19,train
s04,4,2,500,1000,2.0,4.0,500,19,train
s04,4,3,750,1250,3.0,5.0,500,19,train
s04,4,4,1000,1500,4.0,6.0,500,19,train
s04,4,5,1250,1750,5.0,7.0,500,19,train
s04,4,6,1500,2000,6.0,8.0,500,19,train
s04,4,7,1750,2250,7.0,9.0,500,19,train
s04,4,8,2000,2500,8.0,10.0,500,19,train
s04,4,9,2250,2750,9.0,11.0,500,19,train
s04,4,10,2500,3000,10.0,12.0,500,19,train
s04,4,11,2750,3250,11.0,13.0,500,19,train
s04,4,12,3000,3500,12.0,14.0,500,19,train
s04,4,13,3250,3750,13.0,15.0,500,19,train
s04,4,14,3500,4000,14.0,16.0,500,19,train
s04,4,15,3750,4250,15.0,17.0,500,19,train
s04,4,16,4000,4500,16.0,18.0,500,19,train
s04,4,17,4250,4750,17.0,19.0,500,19,train
s04,4,18,4500,5000,18.0,20.0,500,19,train
s04,4,19,4750,5250,19.0,21.0,500,19,train
s04,4,20,5000,5500,20.0,22.0,500,19,train
s04,4,21,5250,5750,21.0,23.0,500,19,train
s04,4,22,5500,6000,22.0,24.0,500,19,train
s04,4,23,5750,6250,23.0,25.0,500,19,train
s04,4,24,6000,6500,24.0,26.0,500,19,train
s04,4,25,6250,6750,25.0,27.0,500,19,train
s04,4,26,6500,7000,26.0,28.0,500,19,train
s04,4,27,6750,7250,27.0,29.0,500,19,train
s04,4,28,7000,7500,28.0,30.0,500,19,train
s04,4,29,7250,7750,29.0,31.0,500,19,train
s04,4,30,7500,8000,30.0,32.0,500,19,train
s04,4,31,7750,8250,31.0,33.0,500,19,train
s04,4,32,8000,8500,32.0,34.0,500,19,train
s04,4,33,8250,8750,33.0,35.0,500,19,train
s04,4,34,8500,9000,34.0,36.0,500,19,train
s04,4,35,8750,9250,35.0,37.0,500,19,train
s04,4,36,9000,9500,36.0,38.0,500,19,train
s04,4,37,9250,9750,37.0,39.0,500,19,train
s04,4,38,9500,10000,38.0,40.0,500,19,train
s04,4,39,9750,10250,39.0,41.0,500,19,train
s04,4,40,10000,10500,40.0,42.0,500,19,train
s04,4,41,10250,10750,41.0,43.0,500,19,train
s04,4,42,10500,11000,42.0,44.0,500,19,train
s04,4,43,10750,11250,43.0,45.0,500,19,train
s04,4,44,11000,11500,44.0,46.0,500,19,train
s04,4,45,11250,11750,45.0,47.0,500,19,train
s04,4,46,11500,12000,46.0,48.0,500,19,train
s04,4,47,11750,12250,47.0,49.0,500,19,train
s04,4,48,12000,12500,48.0,50.0,500,19,train
s04,4,49,12250,12750,49.0,51.0,500,19,train
s04,4,50,12500,13000,50.0,52.0,500,19,train
s04,4,51,12750,13250,51.0,53.0,500,19,train
s04,4,52,13000,13500,52.0,54.0,500,19,train
s04,4,53,13250,13750,53.0,55.0,500,19,train
s04,4,54,13500,14000,54.0,56.0,500,19,train
s04,4,55,13750,14250,55.0,57.0,500,19,train
s04,4,56,14000,14500,56.0,58.0,500,19,train
s04,4,57,14250,14750,57.0,59.0,500,19,train
s04,4,58,14500,15000,58.0,60.0,500,19,train
s04,4,59,14750,15250,59.0,61.0,500,19,train
s04,4,60,15000,15500,60.0,62.0,500,19,train
s05,5,0,0,500,0.0,2.0,500,19,train
s05,5,1,250,750,1.0,3.0,500,19,train
s05,5,2,500,1000,2.0,4.0,500,19,train
s05,5,3,750,1250,3.0,5.0,500,19,train
s05,5,4,1000,1500,4.0,6.0,500,19,train
s05,5,5,1250,1750,5.0,7.0,500,19,train
s05,5,6,1500,2000,6.0,8.0,500,19,train
s05,5,7,1750,2250,7.0,9.0,500,19,train
s05,5,8,2000,2500,8.0,10.0,500,19,train
s05,5,9,2250,2750,9.0,11.0,500,19,train
s05,5,10,2500,3000,10.0,12.0,500,19,train
s05,5,11,2750,3250,11.0,13.0,500,19,train
s05,5,12,3000,3500,12.0,14.0,500,19,train
s05,5,13,3250,3750,13.0,15.0,500,19,train
s05,5,14,3500,4000,14.0,16.0,500,19,train
s05,5,15,3750,4250,15.0,17.0,500,19,train
s05,5,16,4000,4500,16.0,18.0,500,19,train
s05,5,17,4250,4750,17.0,19.0,500,19,train
s05,5,18,4500,5000,18.0,20.0,500,19,train
s05,5,19,4750,5250,19.0,21.0,500,19,train
s05,5,20,5000,5500,20.0,22.0,500,19,train
s05,5,21,5250,5750,21.0,23.0,500,19,train
s05,5,22,5500,6000,22.0,24.0,500,19,train
s05,5,23,5750,6250,23.0,25.0,500,19,train
s05,5,24,6000,6500,24.0,26.0,500,19,train
s05,5,25,6250,6750,25.0,27.0,500,19,train
s05,5,26,6500,7000,26.0,28.0,500,19,train
s05,5,27,6750,7250,27.0,29.0,500,19,train
s05,5,28,7000,7500,28.0,30.0,500,19,train
s05,5,29,7250,7750,29.0,31.0,500,19,train
s05,5,30,7500,8000,30.0,32.0,500,19,train
s05,5,31,7750,8250,31.0,33.0,500,19,train
s05,5,32,8000,8500,32.0,34.0,500,19,train
s05,5,33,8250,8750,33.0,35.0,500,19,train
s05,5,34,8500,9000,34.0,36.0,500,19,train
s05,5,35,8750,9250,35.0,37.0,500,19,train
s05,5,36,9000,9500,36.0,38.0,500,19,train
s05,5,37,9250,9750,37.0,39.0,500,19,train
s05,5,38,9500,10000,38.0,40.0,500,19,train
s05,5,39,9750,10250,39.0,41.0,500,19,train
s05,5,40,10000,10500,40.0,42.0,500,19,train
s05,5,41,10250,10750,41.0,43.0,500,19,train
s05,5,42,10500,11000,42.0,44.0,500,19,train
s05,5,43,10750,11250,43.0,45.0,500,19,train
s05,5,44,11000,11500,44.0,46.0,500,19,train
s05,5,45,11250,11750,45.0,47.0,500,19,train
s05,5,46,11500,12000,46.0,48.0,500,19,train
s05,5,47,11750,12250,47.0,49.0,500,19,train
s05,5,48,12000,12500,48.0,50.0,500,19,train
s05,5,49,12250,12750,49.0,51.0,500,19,train
s05,5,50,12500,13000,50.0,52.0,500,19,train
s05,5,51,12750,13250,51.0,53.0,500,19,train
s05,5,52,13000,13500,52.0,54.0,500,19,train
s05,5,53,13250,13750,53.0,55.0,500,19,train
s05,5,54,13500,14000,54.0,56.0,500,19,train
s05,5,55,13750,14250,55.0,57.0,500,19,train
s05,5,56,14000,14500,56.0,58.0,500,19,train
s05,5,57,14250,14750,57.0,59.0,500,19,train
s05,5,58,14500,15000,58.0,60.0,500,19,train
s05,5,59,14750,15250,59.0,61.0,500,19,train
s05,5,60,15000,15500,60.0,62.0,500,19,train
s06,6,0,0,500,0.0,2.0,500,19,train
s06,6,1,250,750,1.0,3.0,500,19,train
s06,6,2,500,1000,2.0,4.0,500,19,train
s06,6,3,750,1250,3.0,5.0,500,19,train
s06,6,4,1000,1500,4.0,6.0,500,19,train
s06,6,5,1250,1750,5.0,7.0,500,19,train
s06,6,6,1500,2000,6.0,8.0,500,19,train
s06,6,7,1750,2250,7.0,9.0,500,19,train
s06,6,8,2000,2500,8.0,10.0,500,19,train
s06,6,9,2250,2750,9.0,11.0,500,19,train
s06,6,10,2500,3000,10.0,12.0,500,19,train
s06,6,11,2750,3250,11.0,13.0,500,19,train
s06,6,12,3000,3500,12.0,14.0,500,19,train
s06,6,13,3250,3750,13.0,15.0,500,19,train
s06,6,14,3500,4000,14.0,16.0,500,19,train
s06,6,15,3750,4250,15.0,17.0,500,19,train
s06,6,16,4000,4500,16.0,18.0,500,19,train
s06,6,17,4250,4750,17.0,19.0,500,19,train
s06,6,18,4500,5000,18.0,20.0,500,19,train
s06,6,19,4750,5250,19.0,21.0,500,19,train
s06,6,20,5000,5500,20.0,22.0,500,19,train
s06,6,21,5250,5750,21.0,23.0,500,19,train
s06,6,22,5500,6000,22.0,24.0,500,19,train
s06,6,23,5750,6250,23.0,25.0,500,19,train
s06,6,24,6000,6500,24.0,26.0,500,19,train
s06,6,25,6250,6750,25.0,27.0,500,19,train
s06,6,26,6500,7000,26.0,28.0,500,19,train
s06,6,27,6750,7250,27.0,29.0,500,19,train
s06,6,28,7000,7500,28.0,30.0,500,19,train
s06,6,29,7250,7750,29.0,31.0,500,19,train
s06,6,30,7500,8000,30.0,32.0,500,19,train
s06,6,31,7750,8250,31.0,33.0,500,19,train
s06,6,32,8000,8500,32.0,34.0,500,19,train
s06,6,33,8250,8750,33.0,35.0,500,19,train
s06,6,34,8500,9000,34.0,36.0,500,19,train
s06,6,35,8750,9250,35.0,37.0,500,19,train
s06,6,36,9000,9500,36.0,38.0,500,19,train
s06,6,37,9250,9750,37.0,39.0,500,19,train
s06,6,38,9500,10000,38.0,40.0,500,19,train
s06,6,39,9750,10250,39.0,41.0,500,19,train
s06,6,40,10000,10500,40.0,42.0,500,19,train
s06,6,41,10250,10750,41.0,43.0,500,19,train
s06,6,42,10500,11000,42.0,44.0,500,19,train
s06,6,43,10750,11250,43.0,45.0,500,19,train
s06,6,44,11000,11500,44.0,46.0,500,19,train
s06,6,45,11250,11750,45.0,47.0,500,19,train
s06,6,46,11500,12000,46.0,48.0,500,19,train
s06,6,47,11750,12250,47.0,49.0,500,19,train
s06,6,48,12000,12500,48.0,50.0,500,19,train
s06,6,49,12250,12750,49.0,51.0,500,19,train
s06,6,50,12500,13000,50.0,52.0,500,19,train
s06,6,51,12750,13250,51.0,53.0,500,19,train
s06,6,52,13000,13500,52.0,54.0,500,19,train
s06,6,53,13250,13750,53.0,55.0,500,19,train
s06,6,54,13500,14000,54.0,56.0,500,19,train
s06,6,55,13750,14250,55.0,57.0,500,19,train
s06,6,56,14000,14500,56.0,58.0,500,19,train
s06,6,57,14250,14750,57.0,59.0,500,19,train
s06,6,58,14500,15000,58.0,60.0,500,19,train
s06,6,59,14750,15250,59.0,61.0,500,19,train
s06,6,60,15000,15500,60.0,62.0,500,19,train
s07,7,0,0,500,0.0,2.0,500,19,train
s07,7,1,250,750,1.0,3.0,500,19,train
s07,7,2,500,1000,2.0,4.0,500,19,train
s07,7,3,750,1250,3.0,5.0,500,19,train
s07,7,4,1000,1500,4.0,6.0,500,19,train
s07,7,5,1250,1750,5.0,7.0,500,19,train
s07,7,6,1500,2000,6.0,8.0,500,19,train
s07,7,7,1750,2250,7.0,9.0,500,19,train
s07,7,8,2000,2500,8.0,10.0,500,19,train
s07,7,9,2250,2750,9.0,11.0,500,19,train
s07,7,10,2500,3000,10.0,12.0,500,19,train
s07,7,11,2750,3250,11.0,13.0,500,19,train
s07,7,12,3000,3500,12.0,14.0,500,19,train
s07,7,13,3250,3750,13.0,15.0,500,19,train
s07,7,14,3500,4000,14.0,16.0,500,19,train
s07,7,15,3750,4250,15.0,17.0,500,19,train
s07,7,16,4000,4500,16.0,18.0,500,19,train
s07,7,17,4250,4750,17.0,19.0,500,19,train
s07,7,18,4500,5000,18.0,20.0,500,19,train
s07,7,19,4750,5250,19.0,21.0,500,19,train
s07,7,20,5000,5500,20.0,22.0,500,19,train
s07,7,21,5250,5750,21.0,23.0,500,19,train
s07,7,22,5500,6000,22.0,24.0,500,19,train
s07,7,23,5750,6250,23.0,25.0,500,19,train
s07,7,24,6000,6500,24.0,26.0,500,19,train
s07,7,25,6250,6750,25.0,27.0,500,19,train
s07,7,26,6500,7000,26.0,28.0,500,19,train
s07,7,27,6750,7250,27.0,29.0,500,19,train
s07,7,28,7000,7500,28.0,30.0,500,19,train
s07,7,29,7250,7750,29.0,31.0,500,19,train
s07,7,30,7500,8000,30.0,32.0,500,19,train
s07,7,31,7750,8250,31.0,33.0,500,19,train
s07,7,32,8000,8500,32.0,34.0,500,19,train
s07,7,33,8250,8750,33.0,35.0,500,19,train
s07,7,34,8500,9000,34.0,36.0,500,19,train
s07,7,35,8750,9250,35.0,37.0,500,19,train
s07,7,36,9000,9500,36.0,38.0,500,19,train
s07,7,37,9250,9750,37.0,39.0,500,19,train
s07,7,38,9500,10000,38.0,40.0,500,19,train
s07,7,39,9750,10250,39.0,41.0,500,19,train
s07,7,40,10000,10500,40.0,42.0,500,19,train
s07,7,41,10250,10750,41.0,43.0,500,19,train
s07,7,42,10500,11000,42.0,44.0,500,19,train
s07,7,43,10750,11250,43.0,45.0,500,19,train
s07,7,44,11000,11500,44.0,46.0,500,19,train
s07,7,45,11250,11750,45.0,47.0,500,19,train
s07,7,46,11500,12000,46.0,48.0,500,19,train
s07,7,47,11750,12250,47.0,49.0,500,19,train
s07,7,48,12000,12500,48.0,50.0,500,19,train
s07,7,49,12250,12750,49.0,51.0,500,19,train
s07,7,50,12500,13000,50.0,52.0,500,19,train
s07,7,51,12750,13250,51.0,53.0,500,19,train
s07,7,52,13000,13500,52.0,54.0,500,19,train
s07,7,53,13250,13750,53.0,55.0,500,19,train
s07,7,54,13500,14000,54.0,56.0,500,19,train
s07,7,55,13750,14250,55.0,57.0,500,19,train
s07,7,56,14000,14500,56.0,58.0,500,19,train
s07,7,57,14250,14750,57.0,59.0,500,19,train
s07,7,58,14500,15000,58.0,60.0,500,19,train
s07,7,59,14750,15250,59.0,61.0,500,19,train
s07,7,60,15000,15500,60.0,62.0,500,19,train
s08,8,0,0,500,0.0,2.0,500,19,train
s08,8,1,250,750,1.0,3.0,500,19,train
s08,8,2,500,1000,2.0,4.0,500,19,train
s08,8,3,750,1250,3.0,5.0,500,19,train
s08,8,4,1000,1500,4.0,6.0,500,19,train
s08,8,5,1250,1750,5.0,7.0,500,19,train
s08,8,6,1500,2000,6.0,8.0,500,19,train
s08,8,7,1750,2250,7.0,9.0,500,19,train
s08,8,8,2000,2500,8.0,10.0,500,19,train
s08,8,9,2250,2750,9.0,11.0,500,19,train
s08,8,10,2500,3000,10.0,12.0,500,19,train
s08,8,11,2750,3250,11.0,13.0,500,19,train
s08,8,12,3000,3500,12.0,14.0,500,19,train
s08,8,13,3250,3750,13.0,15.0,500,19,train
s08,8,14,3500,4000,14.0,16.0,500,19,train
s08,8,15,3750,4250,15.0,17.0,500,19,train
s08,8,16,4000,4500,16.0,18.0,500,19,train
s08,8,17,4250,4750,17.0,19.0,500,19,train
s08,8,18,4500,5000,18.0,20.0,500,19,train
s08,8,19,4750,5250,19.0,21.0,500,19,train
s08,8,20,5000,5500,20.0,22.0,500,19,train
s08,8,21,5250,5750,21.0,23.0,500,19,train
s08,8,22,5500,6000,22.0,24.0,500,19,train
s08,8,23,5750,6250,23.0,25.0,500,19,train
s08,8,24,6000,6500,24.0,26.0,500,19,train
s08,8,25,6250,6750,25.0,27.0,500,19,train
s08,8,26,6500,7000,26.0,28.0,500,19,train
s08,8,27,6750,7250,27.0,29.0,500,19,train
s08,8,28,7000,7500,28.0,30.0,500,19,train
s08,8,29,7250,7750,29.0,31.0,500,19,train
s08,8,30,7500,8000,30.0,32.0,500,19,train
s08,8,31,7750,8250,31.0,33.0,500,19,train
s08,8,32,8000,8500,32.0,34.0,500,19,train
s08,8,33,8250,8750,33.0,35.0,500,19,train
s08,8,34,8500,9000,34.0,36.0,500,19,train
s08,8,35,8750,9250,35.0,37.0,500,19,train
s08,8,36,9000,9500,36.0,38.0,500,19,train
s08,8,37,9250,9750,37.0,39.0,500,19,train
s08,8,38,9500,10000,38.0,40.0,500,19,train
s08,8,39,9750,10250,39.0,41.0,500,19,train
s08,8,40,10000,10500,40.0,42.0,500,19,train
s08,8,41,10250,10750,41.0,43.0,500,19,train
s08,8,42,10500,11000,42.0,44.0,500,19,train
s08,8,43,10750,11250,43.0,45.0,500,19,train
s08,8,44,11000,11500,44.0,46.0,500,19,train
s08,8,45,11250,11750,45.0,47.0,500,19,train
s08,8,46,11500,12000,46.0,48.0,500,19,train
s08,8,47,11750,12250,47.0,49.0,500,19,train
s08,8,48,12000,12500,48.0,50.0,500,19,train
s08,8,49,12250,12750,49.0,51.0,500,19,train
s08,8,50,12500,13000,50.0,52.0,500,19,train
s08,8,51,12750,13250,51.0,53.0,500,19,train
s08,8,52,13000,13500,52.0,54.0,500,19,train
s08,8,53,13250,13750,53.0,55.0,500,19,train
s08,8,54,13500,14000,54.0,56.0,500,19,train
s08,8,55,13750,14250,55.0,57.0,500,19,train
s08,8,56,14000,14500,56.0,58.0,500,19,train
s08,8,57,14250,14750,57.0,59.0,500,19,train
s08,8,58,14500,15000,58.0,60.0,500,19,train
s08,8,59,14750,15250,59.0,61.0,500,19,train
s08,8,60,15000,15500,60.0,62.0,500,19,train
s09,9,0,0,500,0.0,2.0,500,19,train
s09,9,1,250,750,1.0,3.0,500,19,train
s09,9,2,500,1000,2.0,4.0,500,19,train
s09,9,3,750,1250,3.0,5.0,500,19,train
s09,9,4,1000,1500,4.0,6.0,500,19,train
s09,9,5,1250,1750,5.0,7.0,500,19,train
s09,9,6,1500,2000,6.0,8.0,500,19,train
s09,9,7,1750,2250,7.0,9.0,500,19,train
s09,9,8,2000,2500,8.0,10.0,500,19,train
s09,9,9,2250,2750,9.0,11.0,500,19,train
s09,9,10,2500,3000,10.0,12.0,500,19,train
s09,9,11,2750,3250,11.0,13.0,500,19,train
s09,9,12,3000,3500,12.0,14.0,500,19,train
s09,9,13,3250,3750,13.0,15.0,500,19,train
s09,9,14,3500,4000,14.0,16.0,500,19,train
s09,9,15,3750,4250,15.0,17.0,500,19,train
s09,9,16,4000,4500,16.0,18.0,500,19,train
s09,9,17,4250,4750,17.0,19.0,500,19,train
s09,9,18,4500,5000,18.0,20.0,500,19,train
s09,9,19,4750,5250,19.0,21.0,500,19,train
s09,9,20,5000,5500,20.0,22.0,500,19,train
s09,9,21,5250,5750,21.0,23.0,500,19,train
s09,9,22,5500,6000,22.0,24.0,500,19,train
s09,9,23,5750,6250,23.0,25.0,500,19,train
s09,9,24,6000,6500,24.0,26.0,500,19,train
s09,9,25,6250,6750,25.0,27.0,500,19,train
s09,9,26,6500,7000,26.0,28.0,500,19,train
s09,9,27,6750,7250,27.0,29.0,500,19,train
s09,9,28,7000,7500,28.0,30.0,500,19,train
s09,9,29,7250,7750,29.0,31.0,500,19,train
s09,9,30,7500,8000,30.0,32.0,500,19,train
s09,9,31,7750,8250,31.0,33.0,500,19,train
s09,9,32,8000,8500,32.0,34.0,500,19,train
s09,9,33,8250,8750,33.0,35.0,500,19,train
s09,9,34,8500,9000,34.0,36.0,500,19,train
s09,9,35,8750,9250,35.0,37.0,500,19,train
s09,9,36,9000,9500,36.0,38.0,500,19,train
s09,9,37,9250,9750,37.0,39.0,500,19,train
s09,9,38,9500,10000,38.0,40.0,500,19,train
s09,9,39,9750,10250,39.0,41.0,500,19,train
s09,9,40,10000,10500,40.0,42.0,500,19,train
s09,9,41,10250,10750,41.0,43.0,500,19,train
s09,9,42,10500,11000,42.0,44.0,500,19,train
s09,9,43,10750,11250,43.0,45.0,500,19,train
s09,9,44,11000,11500,44.0,46.0,500,19,train
s09,9,45,11250,11750,45.0,47.0,500,19,train
s09,9,46,11500,12000,46.0,48.0,500,19,train
s09,9,47,11750,12250,47.0,49.0,500,19,train
s09,9,48,12000,12500,48.0,50.0,500,19,train
s09,9,49,12250,12750,49.0,51.0,500,19,train
s09,9,50,12500,13000,50.0,52.0,500,19,train
s09,9,51,12750,13250,51.0,53.0,500,19,train
s09,9,52,13000,13500,52.0,54.0,500,19,train
s09,9,53,13250,13750,53.0,55.0,500,19,train
s09,9,54,13500,14000,54.0,56.0,500,19,train
s09,9,55,13750,14250,55.0,57.0,500,19,train
s09,9,56,14000,14500,56.0,58.0,500,19,train
s09,9,57,14250,14750,57.0,59.0,500,19,train
s09,9,58,14500,15000,58.0,60.0,500,19,train
s09,9,59,14750,15250,59.0,61.0,500,19,train
s09,9,60,15000,15500,60.0,62.0,500,19,train
s10,10,0,0,500,0.0,2.0,500,19,train
s10,10,1,250,750,1.0,3.0,500,19,train
s10,10,2,500,1000,2.0,4.0,500,19,train
s10,10,3,750,1250,3.0,5.0,500,19,train
s10,10,4,1000,1500,4.0,6.0,500,19,train
s10,10,5,1250,1750,5.0,7.0,500,19,train
s10,10,6,1500,2000,6.0,8.0,500,19,train
s10,10,7,1750,2250,7.0,9.0,500,19,train
s10,10,8,2000,2500,8.0,10.0,500,19,train
s10,10,9,2250,2750,9.0,11.0,500,19,train
s10,10,10,2500,3000,10.0,12.0,500,19,train
s10,10,11,2750,3250,11.0,13.0,500,19,train
s10,10,12,3000,3500,12.0,14.0,500,19,train
s10,10,13,3250,3750,13.0,15.0,500,19,train
s10,10,14,3500,4000,14.0,16.0,500,19,train
s10,10,15,3750,4250,15.0,17.0,500,19,train
s10,10,16,4000,4500,16.0,18.0,500,19,train
s10,10,17,4250,4750,17.0,19.0,500,19,train
s10,10,18,4500,5000,18.0,20.0,500,19,train
s10,10,19,4750,5250,19.0,21.0,500,19,train
s10,10,20,5000,5500,20.0,22.0,500,19,train
s10,10,21,5250,5750,21.0,23.0,500,19,train
s10,10,22,5500,6000,22.0,24.0,500,19,train
s10,10,23,5750,6250,23.0,25.0,500,19,train
s10,10,24,6000,6500,24.0,26.0,500,19,train
s10,10,25,6250,6750,25.0,27.0,500,19,train
s10,10,26,6500,7000,26.0,28.0,500,19,train
s10,10,27,6750,7250,27.0,29.0,500,19,train
s10,10,28,7000,7500,28.0,30.0,500,19,train
s10,10,29,7250,7750,29.0,31.0,500,19,train
s10,10,30,7500,8000,30.0,32.0,500,19,train
s10,10,31,7750,8250,31.0,33.0,500,19,train
s10,10,32,8000,8500,32.0,34.0,500,19,train
s10,10,33,8250,8750,33.0,35.0,500,19,train
s10,10,34,8500,9000,34.0,36.0,500,19,train
s10,10,35,8750,9250,35.0,37.0,500,19,train
s10,10,36,9000,9500,36.0,38.0,500,19,train
s10,10,37,9250,9750,37.0,39.0,500,19,train
s10,10,38,9500,10000,38.0,40.0,500,19,train
s10,10,39,9750,10250,39.0,41.0,500,19,train
s10,10,40,10000,10500,40.0,42.0,500,19,train
s10,10,41,10250,10750,41.0,43.0,500,19,train
s10,10,42,10500,11000,42.0,44.0,500,19,train
s10,10,43,10750,11250,43.0,45.0,500,19,train
s10,10,44,11000,11500,44.0,46.0,500,19,train
s10,10,45,11250,11750,45.0,47.0,500,19,train
s10,10,46,11500,12000,46.0,48.0,500,19,train
s10,10,47,11750,12250,47.0,49.0,500,19,train
s10,10,48,12000,12500,48.0,50.0,500,19,train
s10,10,49,12250,12750,49.0,51.0,500,19,train
s10,10,50,12500,13000,50.0,52.0,500,19,train
s10,10,51,12750,13250,51.0,53.0,500,19,train
s10,10,52,13000,13500,52.0,54.0,500,19,train
s10,10,53,13250,13750,53.0,55.0,500,19,train
s10,10,54,13500,14000,54.0,56.0,500,19,train
s10,10,55,13750,14250,55.0,57.0,500,19,train
s10,10,56,14000,14500,56.0,58.0,500,19,train
s10,10,57,14250,14750,57.0,59.0,500,19,train
s10,10,58,14500,15000,58.0,60.0,500,19,train
s10,10,59,14750,15250,59.0,61.0,500,19,train
s10,10,60,15000,15500,60.0,62.0,500,19,train
s11,11,0,0,500,0.0,2.0,500,19,train
s11,11,1,250,750,1.0,3.0,500,19,train
s11,11,2,500,1000,2.0,4.0,500,19,train
s11,11,3,750,1250,3.0,5.0,500,19,train
s11,11,4,1000,1500,4.0,6.0,500,19,train
s11,11,5,1250,1750,5.0,7.0,500,19,train
s11,11,6,1500,2000,6.0,8.0,500,19,train
s11,11,7,1750,2250,7.0,9.0,500,19,train
s11,11,8,2000,2500,8.0,10.0,500,19,train
s11,11,9,2250,2750,9.0,11.0,500,19,train
s11,11,10,2500,3000,10.0,12.0,500,19,train
s11,11,11,2750,3250,11.0,13.0,500,19,train
s11,11,12,3000,3500,12.0,14.0,500,19,train
s11,11,13,3250,3750,13.0,15.0,500,19,train
s11,11,14,3500,4000,14.0,16.0,500,19,train
s11,11,15,3750,4250,15.0,17.0,500,19,train
s11,11,16,4000,4500,16.0,18.0,500,19,train
s11,11,17,4250,4750,17.0,19.0,500,19,train
s11,11,18,4500,5000,18.0,20.0,500,19,train
s11,11,19,4750,5250,19.0,21.0,500,19,train
s11,11,20,5000,5500,20.0,22.0,500,19,train
s11,11,21,5250,5750,21.0,23.0,500,19,train
s11,11,22,5500,6000,22.0,24.0,500,19,train
s11,11,23,5750,6250,23.0,25.0,500,19,train
s11,11,24,6000,6500,24.0,26.0,500,19,train
s11,11,25,6250,6750,25.0,27.0,500,19,train
s11,11,26,6500,7000,26.0,28.0,500,19,train
s11,11,27,6750,7250,27.0,29.0,500,19,train
s11,11,28,7000,7500,28.0,30.0,500,19,train
s11,11,29,7250,7750,29.0,31.0,500,19,train
s11,11,30,7500,8000,30.0,32.0,500,19,train
s11,11,31,7750,8250,31.0,33.0,500,19,train
s11,11,32,8000,8500,32.0,34.0,500,19,train
s11,11,33,8250,8750,33.0,35.0,500,19,train
s11,11,34,8500,9000,34.0,36.0,500,19,train
s11,11,35,8750,9250,35.0,37.0,500,19,train
s11,11,36,9000,9500,36.0,38.0,500,19,train
s11,11,37,9250,9750,37.0,39.0,500,19,train
s11,11,38,9500,10000,38.0,40.0,500,19,train
s11,11,39,9750,10250,39.0,41.0,500,19,train
s11,11,40,10000,10500,40.0,42.0,500,19,train
s11,11,41,10250,10750,41.0,43.0,500,19,train
s11,11,42,10500,11000,42.0,44.0,500,19,train
s11,11,43,10750,11250,43.0,45.0,500,19,train
s11,11,44,11000,11500,44.0,46.0,500,19,train
s11,11,45,11250,11750,45.0,47.0,500,19,train
s11,11,46,11500,12000,46.0,48.0,500,19,train
s11,11,47,11750,12250,47.0,49.0,500,19,train
s11,11,48,12000,12500,48.0,50.0,500,19,train
s11,11,49,12250,12750,49.0,51.0,500,19,train
s11,11,50,12500,13000,50.0,52.0,500,19,train
s11,11,51,12750,13250,51.0,53.0,500,19,train
s11,11,52,13000,13500,52.0,54.0,500,19,train
s11,11,53,13250,13750,53.0,55.0,500,19,train
s11,11,54,13500,14000,54.0,56.0,500,19,train
s11,11,55,13750,14250,55.0,57.0,500,19,train
s11,11,56,14000,14500,56.0,58.0,500,19,train
s11,11,57,14250,14750,57.0,59.0,500,19,train
s11,11,58,14500,15000,58.0,60.0,500,19,train
s11,11,59,14750,15250,59.0,61.0,500,19,train
s11,11,60,15000,15500,60.0,62.0,500,19,train
s12,12,0,0,500,0.0,2.0,500,19,train
s12,12,1,250,750,1.0,3.0,500,19,train
s12,12,2,500,1000,2.0,4.0,500,19,train
s12,12,3,750,1250,3.0,5.0,500,19,train
s12,12,4,1000,1500,4.0,6.0,500,19,train
s12,12,5,1250,1750,5.0,7.0,500,19,train
s12,12,6,1500,2000,6.0,8.0,500,19,train
s12,12,7,1750,2250,7.0,9.0,500,19,train
s12,12,8,2000,2500,8.0,10.0,500,19,train
s12,12,9,2250,2750,9.0,11.0,500,19,train
s12,12,10,2500,3000,10.0,12.0,500,19,train
s12,12,11,2750,3250,11.0,13.0,500,19,train
s12,12,12,3000,3500,12.0,14.0,500,19,train
s12,12,13,3250,3750,13.0,15.0,500,19,train
s12,12,14,3500,4000,14.0,16.0,500,19,train
s12,12,15,3750,4250,15.0,17.0,500,19,train
s12,12,16,4000,4500,16.0,18.0,500,19,train
s12,12,17,4250,4750,17.0,19.0,500,19,train
s12,12,18,4500,5000,18.0,20.0,500,19,train
s12,12,19,4750,5250,19.0,21.0,500,19,train
s12,12,20,5000,5500,20.0,22.0,500,19,train
s12,12,21,5250,5750,21.0,23.0,500,19,train
s12,12,22,5500,6000,22.0,24.0,500,19,train
s12,12,23,5750,6250,23.0,25.0,500,19,train
s12,12,24,6000,6500,24.0,26.0,500,19,train
s12,12,25,6250,6750,25.0,27.0,500,19,train
s12,12,26,6500,7000,26.0,28.0,500,19,train
s12,12,27,6750,7250,27.0,29.0,500,19,train
s12,12,28,7000,7500,28.0,30.0,500,19,train
s12,12,29,7250,7750,29.0,31.0,500,19,train
s12,12,30,7500,8000,30.0,32.0,500,19,train
s12,12,31,7750,8250,31.0,33.0,500,19,train
s12,12,32,8000,8500,32.0,34.0,500,19,train
s12,12,33,8250,8750,33.0,35.0,500,19,train
s12,12,34,8500,9000,34.0,36.0,500,19,train
s12,12,35,8750,9250,35.0,37.0,500,19,train
s12,12,36,9000,9500,36.0,38.0,500,19,train
s12,12,37,9250,9750,37.0,39.0,500,19,train
s12,12,38,9500,10000,38.0,40.0,500,19,train
s12,12,39,9750,10250,39.0,41.0,500,19,train
s12,12,40,10000,10500,40.0,42.0,500,19,train
s12,12,41,10250,10750,41.0,43.0,500,19,train
s12,12,42,10500,11000,42.0,44.0,500,19,train
s12,12,43,10750,11250,43.0,45.0,500,19,train
s12,12,44,11000,11500,44.0,46.0,500,19,train
s12,12,45,11250,11750,45.0,47.0,500,19,train
s12,12,46,11500,12000,46.0,48.0,500,19,train
s12,12,47,11750,12250,47.0,49.0,500,19,train
s12,12,48,12000,12500,48.0,50.0,500,19,train
s12,12,49,12250,12750,49.0,51.0,500,19,train
s12,12,50,12500,13000,50.0,52.0,500,19,train
s12,12,51,12750,13250,51.0,53.0,500,19,train
s12,12,52,13000,13500,52.0,54.0,500,19,train
s12,12,53,13250,13750,53.0,55.0,500,19,train
s12,12,54,13500,14000,54.0,56.0,500,19,train
s12,12,55,13750,14250,55.0,57.0,500,19,train
s12,12,56,14000,14500,56.0,58.0,500,19,train
s12,12,57,14250,14750,57.0,59.0,500,19,train
s12,12,58,14500,15000,58.0,60.0,500,19,train
s12,12,59,14750,15250,59.0,61.0,500,19,train
s12,12,60,15000,15500,60.0,62.0,500,19,train
s13,13,0,0,500,0.0,2.0,500,19,train
s13,13,1,250,750,1.0,3.0,500,19,train
s13,13,2,500,1000,2.0,4.0,500,19,train
s13,13,3,750,1250,3.0,5.0,500,19,train
s13,13,4,1000,1500,4.0,6.0,500,19,train
s13,13,5,1250,1750,5.0,7.0,500,19,train
s13,13,6,1500,2000,6.0,8.0,500,19,train
s13,13,7,1750,2250,7.0,9.0,500,19,train
s13,13,8,2000,2500,8.0,10.0,500,19,train
s13,13,9,2250,2750,9.0,11.0,500,19,train
s13,13,10,2500,3000,10.0,12.0,500,19,train
s13,13,11,2750,3250,11.0,13.0,500,19,train
s13,13,12,3000,3500,12.0,14.0,500,19,train
s13,13,13,3250,3750,13.0,15.0,500,19,train
s13,13,14,3500,4000,14.0,16.0,500,19,train
s13,13,15,3750,4250,15.0,17.0,500,19,train
s13,13,16,4000,4500,16.0,18.0,500,19,train
s13,13,17,4250,4750,17.0,19.0,500,19,train
s13,13,18,4500,5000,18.0,20.0,500,19,train
s13,13,19,4750,5250,19.0,21.0,500,19,train
s13,13,20,5000,5500,20.0,22.0,500,19,train
s13,13,21,5250,5750,21.0,23.0,500,19,train
s13,13,22,5500,6000,22.0,24.0,500,19,train
s13,13,23,5750,6250,23.0,25.0,500,19,train
s13,13,24,6000,6500,24.0,26.0,500,19,train
s13,13,25,6250,6750,25.0,27.0,500,19,train
s13,13,26,6500,7000,26.0,28.0,500,19,train
s13,13,27,6750,7250,27.0,29.0,500,19,train
s13,13,28,7000,7500,28.0,30.0,500,19,train
s13,13,29,7250,7750,29.0,31.0,500,19,train
s13,13,30,7500,8000,30.0,32.0,500,19,train
s13,13,31,7750,8250,31.0,33.0,500,19,train
s13,13,32,8000,8500,32.0,34.0,500,19,train
s13,13,33,8250,8750,33.0,35.0,500,19,train
s13,13,34,8500,9000,34.0,36.0,500,19,train
s13,13,35,8750,9250,35.0,37.0,500,19,train
s13,13,36,9000,9500,36.0,38.0,500,19,train
s13,13,37,9250,9750,37.0,39.0,500,19,train
s13,13,38,9500,10000,38.0,40.0,500,19,train
s13,13,39,9750,10250,39.0,41.0,500,19,train
s13,13,40,10000,10500,40.0,42.0,500,19,train
s13,13,41,10250,10750,41.0,43.0,500,19,train
s13,13,42,10500,11000,42.0,44.0,500,19,train
s13,13,43,10750,11250,43.0,45.0,500,19,train
s13,13,44,11000,11500,44.0,46.0,500,19,train
s13,13,45,11250,11750,45.0,47.0,500,19,train
s13,13,46,11500,12000,46.0,48.0,500,19,train
s13,13,47,11750,12250,47.0,49.0,500,19,train
s13,13,48,12000,12500,48.0,50.0,500,19,train
s13,13,49,12250,12750,49.0,51.0,500,19,train
s13,13,50,12500,13000,50.0,52.0,500,19,train
s13,13,51,12750,13250,51.0,53.0,500,19,train
s13,13,52,13000,13500,52.0,54.0,500,19,train
s13,13,53,13250,13750,53.0,55.0,500,19,train
s13,13,54,13500,14000,54.0,56.0,500,19,train
s13,13,55,13750,14250,55.0,57.0,500,19,train
s13,13,56,14000,14500,56.0,58.0,500,19,train
s13,13,57,14250,14750,57.0,59.0,500,19,train
s13,13,58,14500,15000,58.0,60.0,500,19,train
s13,13,59,14750,15250,59.0,61.0,500,19,train
s13,13,60,15000,15500,60.0,62.0,500,19,train
s14,14,0,0,500,0.0,2.0,500,19,train
s14,14,1,250,750,1.0,3.0,500,19,train
s14,14,2,500,1000,2.0,4.0,500,19,train
s14,14,3,750,1250,3.0,5.0,500,19,train
s14,14,4,1000,1500,4.0,6.0,500,19,train
s14,14,5,1250,1750,5.0,7.0,500,19,train
s14,14,6,1500,2000,6.0,8.0,500,19,train
s14,14,7,1750,2250,7.0,9.0,500,19,train
s14,14,8,2000,2500,8.0,10.0,500,19,train
s14,14,9,2250,2750,9.0,11.0,500,19,train
s14,14,10,2500,3000,10.0,12.0,500,19,train
s14,14,11,2750,3250,11.0,13.0,500,19,train
s14,14,12,3000,3500,12.0,14.0,500,19,train
s14,14,13,3250,3750,13.0,15.0,500,19,train
s14,14,14,3500,4000,14.0,16.0,500,19,train
s14,14,15,3750,4250,15.0,17.0,500,19,train
s14,14,16,4000,4500,16.0,18.0,500,19,train
s14,14,17,4250,4750,17.0,19.0,500,19,train
s14,14,18,4500,5000,18.0,20.0,500,19,train
s14,14,19,4750,5250,19.0,21.0,500,19,train
s14,14,20,5000,5500,20.0,22.0,500,19,train
s14,14,21,5250,5750,21.0,23.0,500,19,train
s14,14,22,5500,6000,22.0,24.0,500,19,train
s14,14,23,5750,6250,23.0,25.0,500,19,train
s14,14,24,6000,6500,24.0,26.0,500,19,train
s14,14,25,6250,6750,25.0,27.0,500,19,train
s14,14,26,6500,7000,26.0,28.0,500,19,train
s14,14,27,6750,7250,27.0,29.0,500,19,train
s14,14,28,7000,7500,28.0,30.0,500,19,train
s14,14,29,7250,7750,29.0,31.0,500,19,train
s14,14,30,7500,8000,30.0,32.0,500,19,train
s14,14,31,7750,8250,31.0,33.0,500,19,train
s14,14,32,8000,8500,32.0,34.0,500,19,train
s14,14,33,8250,8750,33.0,35.0,500,19,train
s14,14,34,8500,9000,34.0,36.0,500,19,train
s14,14,35,8750,9250,35.0,37.0,500,19,train
s14,14,36,9000,9500,36.0,38.0,500,19,train
s14,14,37,9250,9750,37.0,39.0,500,19,train
s14,14,38,9500,10000,38.0,40.0,500,19,train
s14,14,39,9750,10250,39.0,41.0,500,19,train
s14,14,40,10000,10500,40.0,42.0,500,19,train
s14,14,41,10250,10750,41.0,43.0,500,19,train
s14,14,42,10500,11000,42.0,44.0,500,19,train
s14,14,43,10750,11250,43.0,45.0,500,19,train
s14,14,44,11000,11500,44.0,46.0,500,19,train
s14,14,45,11250,11750,45.0,47.0,500,19,train
s14,14,46,11500,12000,46.0,48.0,500,19,train
s14,14,47,11750,12250,47.0,49.0,500,19,train
s14,14,48,12000,12500,48.0,50.0,500,19,train
s14,14,49,12250,12750,49.0,51.0,500,19,train
s14,14,50,12500,13000,50.0,52.0,500,19,train
s14,14,51,12750,13250,51.0,53.0,500,19,train
s14,14,52,13000,13500,52.0,54.0,500,19,train
s14,14,53,13250,13750,53.0,55.0,500,19,train
s14,14,54,13500,14000,54.0,56.0,500,19,train
s14,14,55,13750,14250,55.0,57.0,500,19,train
s14,14,56,14000,14500,56.0,58.0,500,19,train
s14,14,57,14250,14750,57.0,59.0,500,19,train
s14,14,58,14500,15000,58.0,60.0,500,19,train
s14,14,59,14750,15250,59.0,61.0,500,19,train
s14,14,60,15000,15500,60.0,62.0,500,19,train
s15,15,0,0,500,0.0,2.0,500,19,train
s15,15,1,250,750,1.0,3.0,500,19,train
s15,15,2,500,1000,2.0,4.0,500,19,train
s15,15,3,750,1250,3.0,5.0,500,19,train
s15,15,4,1000,1500,4.0,6.0,500,19,train
s15,15,5,1250,1750,5.0,7.0,500,19,train
s15,15,6,1500,2000,6.0,8.0,500,19,train
s15,15,7,1750,2250,7.0,9.0,500,19,train
s15,15,8,2000,2500,8.0,10.0,500,19,train
s15,15,9,2250,2750,9.0,11.0,500,19,train
s15,15,10,2500,3000,10.0,12.0,500,19,train
s15,15,11,2750,3250,11.0,13.0,500,19,train
s15,15,12,3000,3500,12.0,14.0,500,19,train
s15,15,13,3250,3750,13.0,15.0,500,19,train
s15,15,14,3500,4000,14.0,16.0,500,19,train
s15,15,15,3750,4250,15.0,17.0,500,19,train
s15,15,16,4000,4500,16.0,18.0,500,19,train
s15,15,17,4250,4750,17.0,19.0,500,19,train
s15,15,18,4500,5000,18.0,20.0,500,19,train
s15,15,19,4750,5250,19.0,21.0,500,19,train
s15,15,20,5000,5500,20.0,22.0,500,19,train
s15,15,21,5250,5750,21.0,23.0,500,19,train
s15,15,22,5500,6000,22.0,24.0,500,19,train
s15,15,23,5750,6250,23.0,25.0,500,19,train
s15,15,24,6000,6500,24.0,26.0,500,19,train
s15,15,25,6250,6750,25.0,27.0,500,19,train
s15,15,26,6500,7000,26.0,28.0,500,19,train
s15,15,27,6750,7250,27.0,29.0,500,19,train
s15,15,28,7000,7500,28.0,30.0,500,19,train
s15,15,29,7250,7750,29.0,31.0,500,19,train
s15,15,30,7500,8000,30.0,32.0,500,19,train
s15,15,31,7750,8250,31.0,33.0,500,19,train
s15,15,32,8000,8500,32.0,34.0,500,19,train
s15,15,33,8250,8750,33.0,35.0,500,19,train
s15,15,34,8500,9000,34.0,36.0,500,19,train
s15,15,35,8750,9250,35.0,37.0,500,19,train
s15,15,36,9000,9500,36.0,38.0,500,19,train
s15,15,37,9250,9750,37.0,39.0,500,19,train
s15,15,38,9500,10000,38.0,40.0,500,19,train
s15,15,39,9750,10250,39.0,41.0,500,19,train
s15,15,40,10000,10500,40.0,42.0,500,19,train
s15,15,41,10250,10750,41.0,43.0,500,19,train
s15,15,42,10500,11000,42.0,44.0,500,19,train
s15,15,43,10750,11250,43.0,45.0,500,19,train
s15,15,44,11000,11500,44.0,46.0,500,19,train
s15,15,45,11250,11750,45.0,47.0,500,19,train
s15,15,46,11500,12000,46.0,48.0,500,19,train
s15,15,47,11750,12250,47.0,49.0,500,19,train
s15,15,48,12000,12500,48.0,50.0,500,19,train
s15,15,49,12250,12750,49.0,51.0,500,19,train
s15,15,50,12500,13000,50.0,52.0,500,19,train
s15,15,51,12750,13250,51.0,53.0,500,19,train
s15,15,52,13000,13500,52.0,54.0,500,19,train
s15,15,53,13250,13750,53.0,55.0,500,19,train
s15,15,54,13500,14000,54.0,56.0,500,19,train
s15,15,55,13750,14250,55.0,57.0,500,19,train
s15,15,56,14000,14500,56.0,58.0,500,19,train
s15,15,57,14250,14750,57.0,59.0,500,19,train
s15,15,58,14500,15000,58.0,60.0,500,19,train
s15,15,59,14750,15250,59.0,61.0,500,19,train
s15,15,60,15000,15500,60.0,62.0,500,19,train
s16,16,0,0,500,0.0,2.0,500,19,train
s16,16,1,250,750,1.0,3.0,500,19,train
s16,16,2,500,1000,2.0,4.0,500,19,train
s16,16,3,750,1250,3.0,5.0,500,19,train
s16,16,4,1000,1500,4.0,6.0,500,19,train
s16,16,5,1250,1750,5.0,7.0,500,19,train
s16,16,6,1500,2000,6.0,8.0,500,19,train
s16,16,7,1750,2250,7.0,9.0,500,19,train
s16,16,8,2000,2500,8.0,10.0,500,19,train
s16,16,9,2250,2750,9.0,11.0,500,19,train
s16,16,10,2500,3000,10.0,12.0,500,19,train
s16,16,11,2750,3250,11.0,13.0,500,19,train
s16,16,12,3000,3500,12.0,14.0,500,19,train
s16,16,13,3250,3750,13.0,15.0,500,19,train
s16,16,14,3500,4000,14.0,16.0,500,19,train
s16,16,15,3750,4250,15.0,17.0,500,19,train
s16,16,16,4000,4500,16.0,18.0,500,19,train
s16,16,17,4250,4750,17.0,19.0,500,19,train
s16,16,18,4500,5000,18.0,20.0,500,19,train
s16,16,19,4750,5250,19.0,21.0,500,19,train
s16,16,20,5000,5500,20.0,22.0,500,19,train
s16,16,21,5250,5750,21.0,23.0,500,19,train
s16,16,22,5500,6000,22.0,24.0,500,19,train
s16,16,23,5750,6250,23.0,25.0,500,19,train
s16,16,24,6000,6500,24.0,26.0,500,19,train
s16,16,25,6250,6750,25.0,27.0,500,19,train
s16,16,26,6500,7000,26.0,28.0,500,19,train
s16,16,27,6750,7250,27.0,29.0,500,19,train
s16,16,28,7000,7500,28.0,30.0,500,19,train
s16,16,29,7250,7750,29.0,31.0,500,19,train
s16,16,30,7500,8000,30.0,32.0,500,19,train
s16,16,31,7750,8250,31.0,33.0,500,19,train
s16,16,32,8000,8500,32.0,34.0,500,19,train
s16,16,33,8250,8750,33.0,35.0,500,19,train
s16,16,34,8500,9000,34.0,36.0,500,19,train
s16,16,35,8750,9250,35.0,37.0,500,19,train
s16,16,36,9000,9500,36.0,38.0,500,19,train
s16,16,37,9250,9750,37.0,39.0,500,19,train
s16,16,38,9500,10000,38.0,40.0,500,19,train
s16,16,39,9750,10250,39.0,41.0,500,19,train
s16,16,40,10000,10500,40.0,42.0,500,19,train
s16,16,41,10250,10750,41.0,43.0,500,19,train
s16,16,42,10500,11000,42.0,44.0,500,19,train
s16,16,43,10750,11250,43.0,45.0,500,19,train
s16,16,44,11000,11500,44.0,46.0,500,19,train
s16,16,45,11250,11750,45.0,47.0,500,19,train
s16,16,46,11500,12000,46.0,48.0,500,19,train
s16,16,47,11750,12250,47.0,49.0,500,19,train
s16,16,48,12000,12500,48.0,50.0,500,19,train
s16,16,49,12250,12750,49.0,51.0,500,19,train
s16,16,50,12500,13000,50.0,52.0,500,19,train
s16,16,51,12750,13250,51.0,53.0,500,19,train
s16,16,52,13000,13500,52.0,54.0,500,19,train
s16,16,53,13250,13750,53.0,55.0,500,19,train
s16,16,54,13500,14000,54.0,56.0,500,19,train
s16,16,55,13750,14250,55.0,57.0,500,19,train
s16,16,56,14000,14500,56.0,58.0,500,19,train
s16,16,57,14250,14750,57.0,59.0,500,19,train
s16,16,58,14500,15000,58.0,60.0,500,19,train
s16,16,59,14750,15250,59.0,61.0,500,19,train
s16,16,60,15000,15500,60.0,62.0,500,19,train
s17,17,0,0,500,0.0,2.0,500,19,train
s17,17,1,250,750,1.0,3.0,500,19,train
s17,17,2,500,1000,2.0,4.0,500,19,train
s17,17,3,750,1250,3.0,5.0,500,19,train
s17,17,4,1000,1500,4.0,6.0,500,19,train
s17,17,5,1250,1750,5.0,7.0,500,19,train
s17,17,6,1500,2000,6.0,8.0,500,19,train
s17,17,7,1750,2250,7.0,9.0,500,19,train
s17,17,8,2000,2500,8.0,10.0,500,19,train
s17,17,9,2250,2750,9.0,11.0,500,19,train
s17,17,10,2500,3000,10.0,12.0,500,19,train
s17,17,11,2750,3250,11.0,13.0,500,19,train
s17,17,12,3000,3500,12.0,14.0,500,19,train
s17,17,13,3250,3750,13.0,15.0,500,19,train
s17,17,14,3500,4000,14.0,16.0,500,19,train
s17,17,15,3750,4250,15.0,17.0,500,19,train
s17,17,16,4000,4500,16.0,18.0,500,19,train
s17,17,17,4250,4750,17.0,19.0,500,19,train
s17,17,18,4500,5000,18.0,20.0,500,19,train
s17,17,19,4750,5250,19.0,21.0,500,19,train
s17,17,20,5000,5500,20.0,22.0,500,19,train
s17,17,21,5250,5750,21.0,23.0,500,19,train
s17,17,22,5500,6000,22.0,24.0,500,19,train
s17,17,23,5750,6250,23.0,25.0,500,19,train
s17,17,24,6000,6500,24.0,26.0,500,19,train
s17,17,25,6250,6750,25.0,27.0,500,19,train
s17,17,26,6500,7000,26.0,28.0,500,19,train
s17,17,27,6750,7250,27.0,29.0,500,19,train
s17,17,28,7000,7500,28.0,30.0,500,19,train
s17,17,29,7250,7750,29.0,31.0,500,19,train
s17,17,30,7500,8000,30.0,32.0,500,19,train
s17,17,31,7750,8250,31.0,33.0,500,19,train
s17,17,32,8000,8500,32.0,34.0,500,19,train
s17,17,33,8250,8750,33.0,35.0,500,19,train
s17,17,34,8500,9000,34.0,36.0,500,19,train
s17,17,35,8750,9250,35.0,37.0,500,19,train
s17,17,36,9000,9500,36.0,38.0,500,19,train
s17,17,37,9250,9750,37.0,39.0,500,19,train
s17,17,38,9500,10000,38.0,40.0,500,19,train
s17,17,39,9750,10250,39.0,41.0,500,19,train
s17,17,40,10000,10500,40.0,42.0,500,19,train
s17,17,41,10250,10750,41.0,43.0,500,19,train
s17,17,42,10500,11000,42.0,44.0,500,19,train
s17,17,43,10750,11250,43.0,45.0,500,19,train
s17,17,44,11000,11500,44.0,46.0,500,19,train
s17,17,45,11250,11750,45.0,47.0,500,19,train
s17,17,46,11500,12000,46.0,48.0,500,19,train
s17,17,47,11750,12250,47.0,49.0,500,19,train
s17,17,48,12000,12500,48.0,50.0,500,19,train
s17,17,49,12250,12750,49.0,51.0,500,19,train
s17,17,50,12500,13000,50.0,52.0,500,19,train
s17,17,51,12750,13250,51.0,53.0,500,19,train
s17,17,52,13000,13500,52.0,54.0,500,19,train
s17,17,53,13250,13750,53.0,55.0,500,19,train
s17,17,54,13500,14000,54.0,56.0,500,19,train
s17,17,55,13750,14250,55.0,57.0,500,19,train
s17,17,56,14000,14500,56.0,58.0,500,19,train
s17,17,57,14250,14750,57.0,59.0,500,19,train
s17,17,58,14500,15000,58.0,60.0,500,19,train
s17,17,59,14750,15250,59.0,61.0,500,19,train
s17,17,60,15000,15500,60.0,62.0,500,19,train
s18,18,0,0,500,0.0,2.0,500,19,train
s18,18,1,250,750,1.0,3.0,500,19,train
s18,18,2,500,1000,2.0,4.0,500,19,train
s18,18,3,750,1250,3.0,5.0,500,19,train
s18,18,4,1000,1500,4.0,6.0,500,19,train
s18,18,5,1250,1750,5.0,7.0,500,19,train
s18,18,6,1500,2000,6.0,8.0,500,19,train
s18,18,7,1750,2250,7.0,9.0,500,19,train
s18,18,8,2000,2500,8.0,10.0,500,19,train
s18,18,9,2250,2750,9.0,11.0,500,19,train
s18,18,10,2500,3000,10.0,12.0,500,19,train
s18,18,11,2750,3250,11.0,13.0,500,19,train
s18,18,12,3000,3500,12.0,14.0,500,19,train
s18,18,13,3250,3750,13.0,15.0,500,19,train
s18,18,14,3500,4000,14.0,16.0,500,19,train
s18,18,15,3750,4250,15.0,17.0,500,19,train
s18,18,16,4000,4500,16.0,18.0,500,19,train
s18,18,17,4250,4750,17.0,19.0,500,19,train
s18,18,18,4500,5000,18.0,20.0,500,19,train
s18,18,19,4750,5250,19.0,21.0,500,19,train
s18,18,20,5000,5500,20.0,22.0,500,19,train
s18,18,21,5250,5750,21.0,23.0,500,19,train
s18,18,22,5500,6000,22.0,24.0,500,19,train
s18,18,23,5750,6250,23.0,25.0,500,19,train
s18,18,24,6000,6500,24.0,26.0,500,19,train
s18,18,25,6250,6750,25.0,27.0,500,19,train
s18,18,26,6500,7000,26.0,28.0,500,19,train
s18,18,27,6750,7250,27.0,29.0,500,19,train
s18,18,28,7000,7500,28.0,30.0,500,19,train
s18,18,29,7250,7750,29.0,31.0,500,19,train
s18,18,30,7500,8000,30.0,32.0,500,19,train
s18,18,31,7750,8250,31.0,33.0,500,19,train
s18,18,32,8000,8500,32.0,34.0,500,19,train
s18,18,33,8250,8750,33.0,35.0,500,19,train
s18,18,34,8500,9000,34.0,36.0,500,19,train
s18,18,35,8750,9250,35.0,37.0,500,19,train
s18,18,36,9000,9500,36.0,38.0,500,19,train
s18,18,37,9250,9750,37.0,39.0,500,19,train
s18,18,38,9500,10000,38.0,40.0,500,19,train
s18,18,39,9750,10250,39.0,41.0,500,19,train
s18,18,40,10000,10500,40.0,42.0,500,19,train
s18,18,41,10250,10750,41.0,43.0,500,19,train
s18,18,42,10500,11000,42.0,44.0,500,19,train
s18,18,43,10750,11250,43.0,45.0,500,19,train
s18,18,44,11000,11500,44.0,46.0,500,19,train
s18,18,45,11250,11750,45.0,47.0,500,19,train
s18,18,46,11500,12000,46.0,48.0,500,19,train
s18,18,47,11750,12250,47.0,49.0,500,19,train
s18,18,48,12000,12500,48.0,50.0,500,19,train
s18,18,49,12250,12750,49.0,51.0,500,19,train
s18,18,50,12500,13000,50.0,52.0,500,19,train
s18,18,51,12750,13250,51.0,53.0,500,19,train
s18,18,52,13000,13500,52.0,54.0,500,19,train
s18,18,53,13250,13750,53.0,55.0,500,19,train
s18,18,54,13500,14000,54.0,56.0,500,19,train
s18,18,55,13750,14250,55.0,57.0,500,19,train
s18,18,56,14000,14500,56.0,58.0,500,19,train
s18,18,57,14250,14750,57.0,59.0,500,19,train
s18,18,58,14500,15000,58.0,60.0,500,19,train
s18,18,59,14750,15250,59.0,61.0,500,19,train
s18,18,60,15000,15500,60.0,62.0,500,19,train
s19,19,0,0,500,0.0,2.0,500,19,train
s19,19,1,250,750,1.0,3.0,500,19,train
s19,19,2,500,1000,2.0,4.0,500,19,train
s19,19,3,750,1250,3.0,5.0,500,19,train
s19,19,4,1000,1500,4.0,6.0,500,19,train
s19,19,5,1250,1750,5.0,7.0,500,19,train
s19,19,6,1500,2000,6.0,8.0,500,19,train
s19,19,7,1750,2250,7.0,9.0,500,19,train
s19,19,8,2000,2500,8.0,10.0,500,19,train
s19,19,9,2250,2750,9.0,11.0,500,19,train
s19,19,10,2500,3000,10.0,12.0,500,19,train
s19,19,11,2750,3250,11.0,13.0,500,19,train
s19,19,12,3000,3500,12.0,14.0,500,19,train
s19,19,13,3250,3750,13.0,15.0,500,19,train
s19,19,14,3500,4000,14.0,16.0,500,19,train
s19,19,15,3750,4250,15.0,17.0,500,19,train
s19,19,16,4000,4500,16.0,18.0,500,19,train
s19,19,17,4250,4750,17.0,19.0,500,19,train
s19,19,18,4500,5000,18.0,20.0,500,19,train
s19,19,19,4750,5250,19.0,21.0,500,19,train
s19,19,20,5000,5500,20.0,22.0,500,19,train
s19,19,21,5250,5750,21.0,23.0,500,19,train
s19,19,22,5500,6000,22.0,24.0,500,19,train
s19,19,23,5750,6250,23.0,25.0,500,19,train
s19,19,24,6000,6500,24.0,26.0,500,19,train
s19,19,25,6250,6750,25.0,27.0,500,19,train
s19,19,26,6500,7000,26.0,28.0,500,19,train
s19,19,27,6750,7250,27.0,29.0,500,19,train
s19,19,28,7000,7500,28.0,30.0,500,19,train
s19,19,29,7250,7750,29.0,31.0,500,19,train
s19,19,30,7500,8000,30.0,32.0,500,19,train
s19,19,31,7750,8250,31.0,33.0,500,19,train
s19,19,32,8000,8500,32.0,34.0,500,19,train
s19,19,33,8250,8750,33.0,35.0,500,19,train
s19,19,34,8500,9000,34.0,36.0,500,19,train
s19,19,35,8750,9250,35.0,37.0,500,19,train
s19,19,36,9000,9500,36.0,38.0,500,19,train
s19,19,37,9250,9750,37.0,39.0,500,19,train
s19,19,38,9500,10000,38.0,40.0,500,19,train
s19,19,39,9750,10250,39.0,41.0,500,19,train
s19,19,40,10000,10500,40.0,42.0,500,19,train
s19,19,41,10250,10750,41.0,43.0,500,19,train
s19,19,42,10500,11000,42.0,44.0,500,19,train
s19,19,43,10750,11250,43.0,45.0,500,19,train
s19,19,44,11000,11500,44.0,46.0,500,19,train
s19,19,45,11250,11750,45.0,47.0,500,19,train
s19,19,46,11500,12000,46.0,48.0,500,19,train
s19,19,47,11750,12250,47.0,49.0,500,19,train
s19,19,48,12000,12500,48.0,50.0,500,19,train
s19,19,49,12250,12750,49.0,51.0,500,19,train
s19,19,50,12500,13000,50.0,52.0,500,19,train
s19,19,51,12750,13250,51.0,53.0,500,19,train
s19,19,52,13000,13500,52.0,54.0,500,19,train
s19,19,53,13250,13750,53.0,55.0,500,19,train
s19,19,54,13500,14000,54.0,56.0,500,19,train
s19,19,55,13750,14250,55.0,57.0,500,19,train
s19,19,56,14000,14500,56.0,58.0,500,19,train
s19,19,57,14250,14750,57.0,59.0,500,19,train
s19,19,58,14500,15000,58.0,60.0,500,19,train
s19,19,59,14750,15250,59.0,61.0,500,19,train
s19,19,60,15000,15500,60.0,62.0,500,19,train
s20,20,0,0,500,0.0,2.0,500,19,train
s20,20,1,250,750,1.0,3.0,500,19,train
s20,20,2,500,1000,2.0,4.0,500,19,train
s20,20,3,750,1250,3.0,5.0,500,19,train
s20,20,4,1000,1500,4.0,6.0,500,19,train
s20,20,5,1250,1750,5.0,7.0,500,19,train
s20,20,6,1500,2000,6.0,8.0,500,19,train
s20,20,7,1750,2250,7.0,9.0,500,19,train
s20,20,8,2000,2500,8.0,10.0,500,19,train
s20,20,9,2250,2750,9.0,11.0,500,19,train
s20,20,10,2500,3000,10.0,12.0,500,19,train
s20,20,11,2750,3250,11.0,13.0,500,19,train
s20,20,12,3000,3500,12.0,14.0,500,19,train
s20,20,13,3250,3750,13.0,15.0,500,19,train
s20,20,14,3500,4000,14.0,16.0,500,19,train
s20,20,15,3750,4250,15.0,17.0,500,19,train
s20,20,16,4000,4500,16.0,18.0,500,19,train
s20,20,17,4250,4750,17.0,19.0,500,19,train
s20,20,18,4500,5000,18.0,20.0,500,19,train
s20,20,19,4750,5250,19.0,21.0,500,19,train
s20,20,20,5000,5500,20.0,22.0,500,19,train
s20,20,21,5250,5750,21.0,23.0,500,19,train
s20,20,22,5500,6000,22.0,24.0,500,19,train
s20,20,23,5750,6250,23.0,25.0,500,19,train
s20,20,24,6000,6500,24.0,26.0,500,19,train
s20,20,25,6250,6750,25.0,27.0,500,19,train
s20,20,26,6500,7000,26.0,28.0,500,19,train
s20,20,27,6750,7250,27.0,29.0,500,19,train
s20,20,28,7000,7500,28.0,30.0,500,19,train
s20,20,29,7250,7750,29.0,31.0,500,19,train
s20,20,30,7500,8000,30.0,32.0,500,19,train
s20,20,31,7750,8250,31.0,33.0,500,19,train
s20,20,32,8000,8500,32.0,34.0,500,19,train
s20,20,33,8250,8750,33.0,35.0,500,19,train
s20,20,34,8500,9000,34.0,36.0,500,19,train
s20,20,35,8750,9250,35.0,37.0,500,19,train
s20,20,36,9000,9500,36.0,38.0,500,19,train
s20,20,37,9250,9750,37.0,39.0,500,19,train
s20,20,38,9500,10000,38.0,40.0,500,19,train
s20,20,39,9750,10250,39.0,41.0,500,19,train
s20,20,40,10000,10500,40.0,42.0,500,19,train
s20,20,41,10250,10750,41.0,43.0,500,19,train
s20,20,42,10500,11000,42.0,44.0,500,19,train
s20,20,43,10750,11250,43.0,45.0,500,19,train
s20,20,44,11000,11500,44.0,46.0,500,19,train
s20,20,45,11250,11750,45.0,47.0,500,19,train
s20,20,46,11500,12000,46.0,48.0,500,19,train
s20,20,47,11750,12250,47.0,49.0,500,19,train
s20,20,48,12000,12500,48.0,50.0,500,19,train
s20,20,49,12250,12750,49.0,51.0,500,19,train
s20,20,50,12500,13000,50.0,52.0,500,19,train
s20,20,51,12750,13250,51.0,53.0,500,19,train
s20,20,52,13000,13500,52.0,54.0,500,19,train
s20,20,53,13250,13750,53.0,55.0,500,19,train
s20,20,54,13500,14000,54.0,56.0,500,19,train
s20,20,55,13750,14250,55.0,57.0,500,19,train
s20,20,56,14000,14500,56.0,58.0,500,19,train
s20,20,57,14250,14750,57.0,59.0,500,19,train
s20,20,58,14500,15000,58.0,60.0,500,19,train
s20,20,59,14750,15250,59.0,61.0,500,19,train
s20,20,60,15000,15500,60.0,62.0,500,19,train
s21,21,0,0,500,0.0,2.0,500,19,train
s21,21,1,250,750,1.0,3.0,500,19,train
s21,21,2,500,1000,2.0,4.0,500,19,train
s21,21,3,750,1250,3.0,5.0,500,19,train
s21,21,4,1000,1500,4.0,6.0,500,19,train
s21,21,5,1250,1750,5.0,7.0,500,19,train
s21,21,6,1500,2000,6.0,8.0,500,19,train
s21,21,7,1750,2250,7.0,9.0,500,19,train
s21,21,8,2000,2500,8.0,10.0,500,19,train
s21,21,9,2250,2750,9.0,11.0,500,19,train
s21,21,10,2500,3000,10.0,12.0,500,19,train
s21,21,11,2750,3250,11.0,13.0,500,19,train
s21,21,12,3000,3500,12.0,14.0,500,19,train
s21,21,13,3250,3750,13.0,15.0,500,19,train
s21,21,14,3500,4000,14.0,16.0,500,19,train
s21,21,15,3750,4250,15.0,17.0,500,19,train
s21,21,16,4000,4500,16.0,18.0,500,19,train
s21,21,17,4250,4750,17.0,19.0,500,19,train
s21,21,18,4500,5000,18.0,20.0,500,19,train
s21,21,19,4750,5250,19.0,21.0,500,19,train
s21,21,20,5000,5500,20.0,22.0,500,19,train
s21,21,21,5250,5750,21.0,23.0,500,19,train
s21,21,22,5500,6000,22.0,24.0,500,19,train
s21,21,23,5750,6250,23.0,25.0,500,19,train
s21,21,24,6000,6500,24.0,26.0,500,19,train
s21,21,25,6250,6750,25.0,27.0,500,19,train
s21,21,26,6500,7000,26.0,28.0,500,19,train
s21,21,27,6750,7250,27.0,29.0,500,19,train
s21,21,28,7000,7500,28.0,30.0,500,19,train
s21,21,29,7250,7750,29.0,31.0,500,19,train
s21,21,30,7500,8000,30.0,32.0,500,19,train
s21,21,31,7750,8250,31.0,33.0,500,19,train
s21,21,32,8000,8500,32.0,34.0,500,19,train
s21,21,33,8250,8750,33.0,35.0,500,19,train
s21,21,34,8500,9000,34.0,36.0,500,19,train
s21,21,35,8750,9250,35.0,37.0,500,19,train
s21,21,36,9000,9500,36.0,38.0,500,19,train
s21,21,37,9250,9750,37.0,39.0,500,19,train
s21,21,38,9500,10000,38.0,40.0,500,19,train
s21,21,39,9750,10250,39.0,41.0,500,19,train
s21,21,40,10000,10500,40.0,42.0,500,19,train
s21,21,41,10250,10750,41.0,43.0,500,19,train
s21,21,42,10500,11000,42.0,44.0,500,19,train
s21,21,43,10750,11250,43.0,45.0,500,19,train
s21,21,44,11000,11500,44.0,46.0,500,19,train
s21,21,45,11250,11750,45.0,47.0,500,19,train
s21,21,46,11500,12000,46.0,48.0,500,19,train
s21,21,47,11750,12250,47.0,49.0,500,19,train
s21,21,48,12000,12500,48.0,50.0,500,19,train
s21,21,49,12250,12750,49.0,51.0,500,19,train
s21,21,50,12500,13000,50.0,52.0,500,19,train
s21,21,51,12750,13250,51.0,53.0,500,19,train
s21,21,52,13000,13500,52.0,54.0,500,19,train
s21,21,53,13250,13750,53.0,55.0,500,19,train
s21,21,54,13500,14000,54.0,56.0,500,19,train
s21,21,55,13750,14250,55.0,57.0,500,19,train
s21,21,56,14000,14500,56.0,58.0,500,19,train
s21,21,57,14250,14750,57.0,59.0,500,19,train
s21,21,58,14500,15000,58.0,60.0,500,19,train
s21,21,59,14750,15250,59.0,61.0,500,19,train
s21,21,60,15000,15500,60.0,62.0,500,19,train
s22,22,0,0,500,0.0,2.0,500,19,train
s22,22,1,250,750,1.0,3.0,500,19,train
s22,22,2,500,1000,2.0,4.0,500,19,train
s22,22,3,750,1250,3.0,5.0,500,19,train
s22,22,4,1000,1500,4.0,6.0,500,19,train
s22,22,5,1250,1750,5.0,7.0,500,19,train
s22,22,6,1500,2000,6.0,8.0,500,19,train
s22,22,7,1750,2250,7.0,9.0,500,19,train
s22,22,8,2000,2500,8.0,10.0,500,19,train
s22,22,9,2250,2750,9.0,11.0,500,19,train
s22,22,10,2500,3000,10.0,12.0,500,19,train
s22,22,11,2750,3250,11.0,13.0,500,19,train
s22,22,12,3000,3500,12.0,14.0,500,19,train
s22,22,13,3250,3750,13.0,15.0,500,19,train
s22,22,14,3500,4000,14.0,16.0,500,19,train
s22,22,15,3750,4250,15.0,17.0,500,19,train
s22,22,16,4000,4500,16.0,18.0,500,19,train
s22,22,17,4250,4750,17.0,19.0,500,19,train
s22,22,18,4500,5000,18.0,20.0,500,19,train
s22,22,19,4750,5250,19.0,21.0,500,19,train
s22,22,20,5000,5500,20.0,22.0,500,19,train
s22,22,21,5250,5750,21.0,23.0,500,19,train
s22,22,22,5500,6000,22.0,24.0,500,19,train
s22,22,23,5750,6250,23.0,25.0,500,19,train
s22,22,24,6000,6500,24.0,26.0,500,19,train
s22,22,25,6250,6750,25.0,27.0,500,19,train
s22,22,26,6500,7000,26.0,28.0,500,19,train
s22,22,27,6750,7250,27.0,29.0,500,19,train
s22,22,28,7000,7500,28.0,30.0,500,19,train
s22,22,29,7250,7750,29.0,31.0,500,19,train
s22,22,30,7500,8000,30.0,32.0,500,19,train
s22,22,31,7750,8250,31.0,33.0,500,19,train
s22,22,32,8000,8500,32.0,34.0,500,19,train
s22,22,33,8250,8750,33.0,35.0,500,19,train
s22,22,34,8500,9000,34.0,36.0,500,19,train
s22,22,35,8750,9250,35.0,37.0,500,19,train
s22,22,36,9000,9500,36.0,38.0,500,19,train
s22,22,37,9250,9750,37.0,39.0,500,19,train
s22,22,38,9500,10000,38.0,40.0,500,19,train
s22,22,39,9750,10250,39.0,41.0,500,19,train
s22,22,40,10000,10500,40.0,42.0,500,19,train
s22,22,41,10250,10750,41.0,43.0,500,19,train
s22,22,42,10500,11000,42.0,44.0,500,19,train
s22,22,43,10750,11250,43.0,45.0,500,19,train
s22,22,44,11000,11500,44.0,46.0,500,19,train
s22,22,45,11250,11750,45.0,47.0,500,19,train
s22,22,46,11500,12000,46.0,48.0,500,19,train
s22,22,47,11750,12250,47.0,49.0,500,19,train
s22,22,48,12000,12500,48.0,50.0,500,19,train
s22,22,49,12250,12750,49.0,51.0,500,19,train
s22,22,50,12500,13000,50.0,52.0,500,19,train
s22,22,51,12750,13250,51.0,53.0,500,19,train
s22,22,52,13000,13500,52.0,54.0,500,19,train
s22,22,53,13250,13750,53.0,55.0,500,19,train
s22,22,54,13500,14000,54.0,56.0,500,19,train
s22,22,55,13750,14250,55.0,57.0,500,19,train
s22,22,56,14000,14500,56.0,58.0,500,19,train
s22,22,57,14250,14750,57.0,59.0,500,19,train
s22,22,58,14500,15000,58.0,60.0,500,19,train
s22,22,59,14750,15250,59.0,61.0,500,19,train
s22,22,60,15000,15500,60.0,62.0,500,19,train
s23,23,0,0,500,0.0,2.0,500,19,train
s23,23,1,250,750,1.0,3.0,500,19,train
s23,23,2,500,1000,2.0,4.0,500,19,train
s23,23,3,750,1250,3.0,5.0,500,19,train
s23,23,4,1000,1500,4.0,6.0,500,19,train
s23,23,5,1250,1750,5.0,7.0,500,19,train
s23,23,6,1500,2000,6.0,8.0,500,19,train
s23,23,7,1750,2250,7.0,9.0,500,19,train
s23,23,8,2000,2500,8.0,10.0,500,19,train
s23,23,9,2250,2750,9.0,11.0,500,19,train
s23,23,10,2500,3000,10.0,12.0,500,19,train
s23,23,11,2750,3250,11.0,13.0,500,19,train
s23,23,12,3000,3500,12.0,14.0,500,19,train
s23,23,13,3250,3750,13.0,15.0,500,19,train
s23,23,14,3500,4000,14.0,16.0,500,19,train
s23,23,15,3750,4250,15.0,17.0,500,19,train
s23,23,16,4000,4500,16.0,18.0,500,19,train
s23,23,17,4250,4750,17.0,19.0,500,19,train
s23,23,18,4500,5000,18.0,20.0,500,19,train
s23,23,19,4750,5250,19.0,21.0,500,19,train
s23,23,20,5000,5500,20.0,22.0,500,19,train
s23,23,21,5250,5750,21.0,23.0,500,19,train
s23,23,22,5500,6000,22.0,24.0,500,19,train
s23,23,23,5750,6250,23.0,25.0,500,19,train
s23,23,24,6000,6500,24.0,26.0,500,19,train
s23,23,25,6250,6750,25.0,27.0,500,19,train
s23,23,26,6500,7000,26.0,28.0,500,19,train
s23,23,27,6750,7250,27.0,29.0,500,19,train
s23,23,28,7000,7500,28.0,30.0,500,19,train
s23,23,29,7250,7750,29.0,31.0,500,19,train
s23,23,30,7500,8000,30.0,32.0,500,19,train
s23,23,31,7750,8250,31.0,33.0,500,19,train
s23,23,32,8000,8500,32.0,34.0,500,19,train
s23,23,33,8250,8750,33.0,35.0,500,19,train
s23,23,34,8500,9000,34.0,36.0,500,19,train
s23,23,35,8750,9250,35.0,37.0,500,19,train
s23,23,36,9000,9500,36.0,38.0,500,19,train
s23,23,37,9250,9750,37.0,39.0,500,19,train
s23,23,38,9500,10000,38.0,40.0,500,19,train
s23,23,39,9750,10250,39.0,41.0,500,19,train
s23,23,40,10000,10500,40.0,42.0,500,19,train
s23,23,41,10250,10750,41.0,43.0,500,19,train
s23,23,42,10500,11000,42.0,44.0,500,19,train
s23,23,43,10750,11250,43.0,45.0,500,19,train
s23,23,44,11000,11500,44.0,46.0,500,19,train
s23,23,45,11250,11750,45.0,47.0,500,19,train
s23,23,46,11500,12000,46.0,48.0,500,19,train
s23,23,47,11750,12250,47.0,49.0,500,19,train
s23,23,48,12000,12500,48.0,50.0,500,19,train
s23,23,49,12250,12750,49.0,51.0,500,19,train
s23,23,50,12500,13000,50.0,52.0,500,19,train
s23,23,51,12750,13250,51.0,53.0,500,19,train
s23,23,52,13000,13500,52.0,54.0,500,19,train
s23,23,53,13250,13750,53.0,55.0,500,19,train
s23,23,54,13500,14000,54.0,56.0,500,19,train
s23,23,55,13750,14250,55.0,57.0,500,19,train
s23,23,56,14000,14500,56.0,58.0,500,19,train
s23,23,57,14250,14750,57.0,59.0,500,19,train
s23,23,58,14500,15000,58.0,60.0,500,19,train
s23,23,59,14750,15250,59.0,61.0,500,19,train
s23,23,60,15000,15500,60.0,62.0,500,19,train
s24,24,0,0,500,0.0,2.0,500,19,val
s24,24,1,250,750,1.0,3.0,500,19,val
s24,24,2,500,1000,2.0,4.0,500,19,val
s24,24,3,750,1250,3.0,5.0,500,19,val
s24,24,4,1000,1500,4.0,6.0,500,19,val
s24,24,5,1250,1750,5.0,7.0,500,19,val
s24,24,6,1500,2000,6.0,8.0,500,19,val
s24,24,7,1750,2250,7.0,9.0,500,19,val
s24,24,8,2000,2500,8.0,10.0,500,19,val
s24,24,9,2250,2750,9.0,11.0,500,19,val
s24,24,10,2500,3000,10.0,12.0,500,19,val
s24,24,11,2750,3250,11.0,13.0,500,19,val
s24,24,12,3000,3500,12.0,14.0,500,19,val
s24,24,13,3250,3750,13.0,15.0,500,19,val
s24,24,14,3500,4000,14.0,16.0,500,19,val
s24,24,15,3750,4250,15.0,17.0,500,19,val
s24,24,16,4000,4500,16.0,18.0,500,19,val
s24,24,17,4250,4750,17.0,19.0,500,19,val
s24,24,18,4500,5000,18.0,20.0,500,19,val
s24,24,19,4750,5250,19.0,21.0,500,19,val
s24,24,20,5000,5500,20.0,22.0,500,19,val
s24,24,21,5250,5750,21.0,23.0,500,19,val
s24,24,22,5500,6000,22.0,24.0,500,19,val
s24,24,23,5750,6250,23.0,25.0,500,19,val
s24,24,24,6000,6500,24.0,26.0,500,19,val
s24,24,25,6250,6750,25.0,27.0,500,19,val
s24,24,26,6500,7000,26.0,28.0,500,19,val
s24,24,27,6750,7250,27.0,29.0,500,19,val
s24,24,28,7000,7500,28.0,30.0,500,19,val
s24,24,29,7250,7750,29.0,31.0,500,19,val
s24,24,30,7500,8000,30.0,32.0,500,19,val
s24,24,31,7750,8250,31.0,33.0,500,19,val
s24,24,32,8000,8500,32.0,34.0,500,19,val
s24,24,33,8250,8750,33.0,35.0,500,19,val
s24,24,34,8500,9000,34.0,36.0,500,19,val
s24,24,35,8750,9250,35.0,37.0,500,19,val
s24,24,36,9000,9500,36.0,38.0,500,19,val
s24,24,37,9250,9750,37.0,39.0,500,19,val
s24,24,38,9500,10000,38.0,40.0,500,19,val
s24,24,39,9750,10250,39.0,41.0,500,19,val
s24,24,40,10000,10500,40.0,42.0,500,19,val
s24,24,41,10250,10750,41.0,43.0,500,19,val
s24,24,42,10500,11000,42.0,44.0,500,19,val
s24,24,43,10750,11250,43.0,45.0,500,19,val
s24,24,44,11000,11500,44.0,46.0,500,19,val
s24,24,45,11250,11750,45.0,47.0,500,19,val
s24,24,46,11500,12000,46.0,48.0,500,19,val
s24,24,47,11750,12250,47.0,49.0,500,19,val
s24,24,48,12000,12500,48.0,50.0,500,19,val
s24,24,49,12250,12750,49.0,51.0,500,19,val
s24,24,50,12500,13000,50.0,52.0,500,19,val
s24,24,51,12750,13250,51.0,53.0,500,19,val
s24,24,52,13000,13500,52.0,54.0,500,19,val
s24,24,53,13250,13750,53.0,55.0,500,19,val
s24,24,54,13500,14000,54.0,56.0,500,19,val
s24,24,55,13750,14250,55.0,57.0,500,19,val
s24,24,56,14000,14500,56.0,58.0,500,19,val
s24,24,57,14250,14750,57.0,59.0,500,19,val
s24,24,58,14500,15000,58.0,60.0,500,19,val
s24,24,59,14750,15250,59.0,61.0,500,19,val
s24,24,60,15000,15500,60.0,62.0,500,19,val
s25,25,0,0,500,0.0,2.0,500,19,val
s25,25,1,250,750,1.0,3.0,500,19,val
s25,25,2,500,1000,2.0,4.0,500,19,val
s25,25,3,750,1250,3.0,5.0,500,19,val
s25,25,4,1000,1500,4.0,6.0,500,19,val
s25,25,5,1250,1750,5.0,7.0,500,19,val
s25,25,6,1500,2000,6.0,8.0,500,19,val
s25,25,7,1750,2250,7.0,9.0,500,19,val
s25,25,8,2000,2500,8.0,10.0,500,19,val
s25,25,9,2250,2750,9.0,11.0,500,19,val
s25,25,10,2500,3000,10.0,12.0,500,19,val
s25,25,11,2750,3250,11.0,13.0,500,19,val
s25,25,12,3000,3500,12.0,14.0,500,19,val
s25,25,13,3250,3750,13.0,15.0,500,19,val
s25,25,14,3500,4000,14.0,16.0,500,19,val
s25,25,15,3750,4250,15.0,17.0,500,19,val
s25,25,16,4000,4500,16.0,18.0,500,19,val
s25,25,17,4250,4750,17.0,19.0,500,19,val
s25,25,18,4500,5000,18.0,20.0,500,19,val
s25,25,19,4750,5250,19.0,21.0,500,19,val
s25,25,20,5000,5500,20.0,22.0,500,19,val
s25,25,21,5250,5750,21.0,23.0,500,19,val
s25,25,22,5500,6000,22.0,24.0,500,19,val
s25,25,23,5750,6250,23.0,25.0,500,19,val
s25,25,24,6000,6500,24.0,26.0,500,19,val
s25,25,25,6250,6750,25.0,27.0,500,19,val
s25,25,26,6500,7000,26.0,28.0,500,19,val
s25,25,27,6750,7250,27.0,29.0,500,19,val
s25,25,28,7000,7500,28.0,30.0,500,19,val
s25,25,29,7250,7750,29.0,31.0,500,19,val
s25,25,30,7500,8000,30.0,32.0,500,19,val
s25,25,31,7750,8250,31.0,33.0,500,19,val
s25,25,32,8000,8500,32.0,34.0,500,19,val
s25,25,33,8250,8750,33.0,35.0,500,19,val
s25,25,34,8500,9000,34.0,36.0,500,19,val
s25,25,35,8750,9250,35.0,37.0,500,19,val
s25,25,36,9000,9500,36.0,38.0,500,19,val
s25,25,37,9250,9750,37.0,39.0,500,19,val
s25,25,38,9500,10000,38.0,40.0,500,19,val
s25,25,39,9750,10250,39.0,41.0,500,19,val
s25,25,40,10000,10500,40.0,42.0,500,19,val
s25,25,41,10250,10750,41.0,43.0,500,19,val
s25,25,42,10500,11000,42.0,44.0,500,19,val
s25,25,43,10750,11250,43.0,45.0,500,19,val
s25,25,44,11000,11500,44.0,46.0,500,19,val
s25,25,45,11250,11750,45.0,47.0,500,19,val
s25,25,46,11500,12000,46.0,48.0,500,19,val
s25,25,47,11750,12250,47.0,49.0,500,19,val
s25,25,48,12000,12500,48.0,50.0,500,19,val
s25,25,49,12250,12750,49.0,51.0,500,19,val
s25,25,50,12500,13000,50.0,52.0,500,19,val
s25,25,51,12750,13250,51.0,53.0,500,19,val
s25,25,52,13000,13500,52.0,54.0,500,19,val
s25,25,53,13250,13750,53.0,55.0,500,19,val
s25,25,54,13500,14000,54.0,56.0,500,19,val
s25,25,55,13750,14250,55.0,57.0,500,19,val
s25,25,56,14000,14500,56.0,58.0,500,19,val
s25,25,57,14250,14750,57.0,59.0,500,19,val
s25,25,58,14500,15000,58.0,60.0,500,19,val
s25,25,59,14750,15250,59.0,61.0,500,19,val
s25,25,60,15000,15500,60.0,62.0,500,19,val
s26,26,0,0,500,0.0,2.0,500,19,val
s26,26,1,250,750,1.0,3.0,500,19,val
s26,26,2,500,1000,2.0,4.0,500,19,val
s26,26,3,750,1250,3.0,5.0,500,19,val
s26,26,4,1000,1500,4.0,6.0,500,19,val
s26,26,5,1250,1750,5.0,7.0,500,19,val
s26,26,6,1500,2000,6.0,8.0,500,19,val
s26,26,7,1750,2250,7.0,9.0,500,19,val
s26,26,8,2000,2500,8.0,10.0,500,19,val
s26,26,9,2250,2750,9.0,11.0,500,19,val
s26,26,10,2500,3000,10.0,12.0,500,19,val
s26,26,11,2750,3250,11.0,13.0,500,19,val
s26,26,12,3000,3500,12.0,14.0,500,19,val
s26,26,13,3250,3750,13.0,15.0,500,19,val
s26,26,14,3500,4000,14.0,16.0,500,19,val
s26,26,15,3750,4250,15.0,17.0,500,19,val
s26,26,16,4000,4500,16.0,18.0,500,19,val
s26,26,17,4250,4750,17.0,19.0,500,19,val
s26,26,18,4500,5000,18.0,20.0,500,19,val
s26,26,19,4750,5250,19.0,21.0,500,19,val
s26,26,20,5000,5500,20.0,22.0,500,19,val
s26,26,21,5250,5750,21.0,23.0,500,19,val
s26,26,22,5500,6000,22.0,24.0,500,19,val
s26,26,23,5750,6250,23.0,25.0,500,19,val
s26,26,24,6000,6500,24.0,26.0,500,19,val
s26,26,25,6250,6750,25.0,27.0,500,19,val
s26,26,26,6500,7000,26.0,28.0,500,19,val
s26,26,27,6750,7250,27.0,29.0,500,19,val
s26,26,28,7000,7500,28.0,30.0,500,19,val
s26,26,29,7250,7750,29.0,31.0,500,19,val
s26,26,30,7500,8000,30.0,32.0,500,19,val
s26,26,31,7750,8250,31.0,33.0,500,19,val
s26,26,32,8000,8500,32.0,34.0,500,19,val
s26,26,33,8250,8750,33.0,35.0,500,19,val
s26,26,34,8500,9000,34.0,36.0,500,19,val
s26,26,35,8750,9250,35.0,37.0,500,19,val
s26,26,36,9000,9500,36.0,38.0,500,19,val
s26,26,37,9250,9750,37.0,39.0,500,19,val
s26,26,38,9500,10000,38.0,40.0,500,19,val
s26,26,39,9750,10250,39.0,41.0,500,19,val
s26,26,40,10000,10500,40.0,42.0,500,19,val
s26,26,41,10250,10750,41.0,43.0,500,19,val
s26,26,42,10500,11000,42.0,44.0,500,19,val
s26,26,43,10750,11250,43.0,45.0,500,19,val
s26,26,44,11000,11500,44.0,46.0,500,19,val
s26,26,45,11250,11750,45.0,47.0,500,19,val
s26,26,46,11500,12000,46.0,48.0,500,19,val
s26,26,47,11750,12250,47.0,49.0,500,19,val
s26,26,48,12000,12500,48.0,50.0,500,19,val
s26,26,49,12250,12750,49.0,51.0,500,19,val
s26,26,50,12500,13000,50.0,52.0,500,19,val
s26,26,51,12750,13250,51.0,53.0,500,19,val
s26,26,52,13000,13500,52.0,54.0,500,19,val
s26,26,53,13250,13750,53.0,55.0,500,19,val
s26,26,54,13500,14000,54.0,56.0,500,19,val
s26,26,55,13750,14250,55.0,57.0,500,19,val
s26,26,56,14000,14500,56.0,58.0,500,19,val
s26,26,57,14250,14750,57.0,59.0,500,19,val
s26,26,58,14500,15000,58.0,60.0,500,19,val
s26,26,59,14750,15250,59.0,61.0,500,19,val
s26,26,60,15000,15500,60.0,62.0,500,19,val
s27,27,0,0,500,0.0,2.0,500,19,val
s27,27,1,250,750,1.0,3.0,500,19,val
s27,27,2,500,1000,2.0,4.0,500,19,val
s27,27,3,750,1250,3.0,5.0,500,19,val
s27,27,4,1000,1500,4.0,6.0,500,19,val
s27,27,5,1250,1750,5.0,7.0,500,19,val
s27,27,6,1500,2000,6.0,8.0,500,19,val
s27,27,7,1750,2250,7.0,9.0,500,19,val
s27,27,8,2000,2500,8.0,10.0,500,19,val
s27,27,9,2250,2750,9.0,11.0,500,19,val
s27,27,10,2500,3000,10.0,12.0,500,19,val
s27,27,11,2750,3250,11.0,13.0,500,19,val
s27,27,12,3000,3500,12.0,14.0,500,19,val
s27,27,13,3250,3750,13.0,15.0,500,19,val
s27,27,14,3500,4000,14.0,16.0,500,19,val
s27,27,15,3750,4250,15.0,17.0,500,19,val
s27,27,16,4000,4500,16.0,18.0,500,19,val
s27,27,17,4250,4750,17.0,19.0,500,19,val
s27,27,18,4500,5000,18.0,20.0,500,19,val
s27,27,19,4750,5250,19.0,21.0,500,19,val
s27,27,20,5000,5500,20.0,22.0,500,19,val
s27,27,21,5250,5750,21.0,23.0,500,19,val
s27,27,22,5500,6000,22.0,24.0,500,19,val
s27,27,23,5750,6250,23.0,25.0,500,19,val
s27,27,24,6000,6500,24.0,26.0,500,19,val
s27,27,25,6250,6750,25.0,27.0,500,19,val
s27,27,26,6500,7000,26.0,28.0,500,19,val
s27,27,27,6750,7250,27.0,29.0,500,19,val
s27,27,28,7000,7500,28.0,30.0,500,19,val
s27,27,29,7250,7750,29.0,31.0,500,19,val
s27,27,30,7500,8000,30.0,32.0,500,19,val
s27,27,31,7750,8250,31.0,33.0,500,19,val
s27,27,32,8000,8500,32.0,34.0,500,19,val
s27,27,33,8250,8750,33.0,35.0,500,19,val
s27,27,34,8500,9000,34.0,36.0,500,19,val
s27,27,35,8750,9250,35.0,37.0,500,19,val
s27,27,36,9000,9500,36.0,38.0,500,19,val
s27,27,37,9250,9750,37.0,39.0,500,19,val
s27,27,38,9500,10000,38.0,40.0,500,19,val
s27,27,39,9750,10250,39.0,41.0,500,19,val
s27,27,40,10000,10500,40.0,42.0,500,19,val
s27,27,41,10250,10750,41.0,43.0,500,19,val
s27,27,42,10500,11000,42.0,44.0,500,19,val
s27,27,43,10750,11250,43.0,45.0,500,19,val
s27,27,44,11000,11500,44.0,46.0,500,19,val
s27,27,45,11250,11750,45.0,47.0,500,19,val
s27,27,46,11500,12000,46.0,48.0,500,19,val
s27,27,47,11750,12250,47.0,49.0,500,19,val
s27,27,48,12000,12500,48.0,50.0,500,19,val
s27,27,49,12250,12750,49.0,51.0,500,19,val
s27,27,50,12500,13000,50.0,52.0,500,19,val
s27,27,51,12750,13250,51.0,53.0,500,19,val
s27,27,52,13000,13500,52.0,54.0,500,19,val
s27,27,53,13250,13750,53.0,55.0,500,19,val
s27,27,54,13500,14000,54.0,56.0,500,19,val
s27,27,55,13750,14250,55.0,57.0,500,19,val
s27,27,56,14000,14500,56.0,58.0,500,19,val
s27,27,57,14250,14750,57.0,59.0,500,19,val
s27,27,58,14500,15000,58.0,60.0,500,19,val
s27,27,59,14750,15250,59.0,61.0,500,19,val
s27,27,60,15000,15500,60.0,62.0,500,19,val
s28,28,0,0,500,0.0,2.0,500,19,val
s28,28,1,250,750,1.0,3.0,500,19,val
s28,28,2,500,1000,2.0,4.0,500,19,val
s28,28,3,750,1250,3.0,5.0,500,19,val
s28,28,4,1000,1500,4.0,6.0,500,19,val
s28,28,5,1250,1750,5.0,7.0,500,19,val
s28,28,6,1500,2000,6.0,8.0,500,19,val
s28,28,7,1750,2250,7.0,9.0,500,19,val
s28,28,8,2000,2500,8.0,10.0,500,19,val
s28,28,9,2250,2750,9.0,11.0,500,19,val
s28,28,10,2500,3000,10.0,12.0,500,19,val
s28,28,11,2750,3250,11.0,13.0,500,19,val
s28,28,12,3000,3500,12.0,14.0,500,19,val
s28,28,13,3250,3750,13.0,15.0,500,19,val
s28,28,14,3500,4000,14.0,16.0,500,19,val
s28,28,15,3750,4250,15.0,17.0,500,19,val
s28,28,16,4000,4500,16.0,18.0,500,19,val
s28,28,17,4250,4750,17.0,19.0,500,19,val
s28,28,18,4500,5000,18.0,20.0,500,19,val
s28,28,19,4750,5250,19.0,21.0,500,19,val
s28,28,20,5000,5500,20.0,22.0,500,19,val
s28,28,21,5250,5750,21.0,23.0,500,19,val
s28,28,22,5500,6000,22.0,24.0,500,19,val
s28,28,23,5750,6250,23.0,25.0,500,19,val
s28,28,24,6000,6500,24.0,26.0,500,19,val
s28,28,25,6250,6750,25.0,27.0,500,19,val
s28,28,26,6500,7000,26.0,28.0,500,19,val
s28,28,27,6750,7250,27.0,29.0,500,19,val
s28,28,28,7000,7500,28.0,30.0,500,19,val
s28,28,29,7250,7750,29.0,31.0,500,19,val
s28,28,30,7500,8000,30.0,32.0,500,19,val
s28,28,31,7750,8250,31.0,33.0,500,19,val
s28,28,32,8000,8500,32.0,34.0,500,19,val
s28,28,33,8250,8750,33.0,35.0,500,19,val
s28,28,34,8500,9000,34.0,36.0,500,19,val
s28,28,35,8750,9250,35.0,37.0,500,19,val
s28,28,36,9000,9500,36.0,38.0,500,19,val
s28,28,37,9250,9750,37.0,39.0,500,19,val
s28,28,38,9500,10000,38.0,40.0,500,19,val
s28,28,39,9750,10250,39.0,41.0,500,19,val
s28,28,40,10000,10500,40.0,42.0,500,19,val
s28,28,41,10250,10750,41.0,43.0,500,19,val
s28,28,42,10500,11000,42.0,44.0,500,19,val
s28,28,43,10750,11250,43.0,45.0,500,19,val
s28,28,44,11000,11500,44.0,46.0,500,19,val
s28,28,45,11250,11750,45.0,47.0,500,19,val
s28,28,46,11500,12000,46.0,48.0,500,19,val
s28,28,47,11750,12250,47.0,49.0,500,19,val
s28,28,48,12000,12500,48.0,50.0,500,19,val
s28,28,49,12250,12750,49.0,51.0,500,19,val
s28,28,50,12500,13000,50.0,52.0,500,19,val
s28,28,51,12750,13250,51.0,53.0,500,19,val
s28,28,52,13000,13500,52.0,54.0,500,19,val
s28,28,53,13250,13750,53.0,55.0,500,19,val
s28,28,54,13500,14000,54.0,56.0,500,19,val
s28,28,55,13750,14250,55.0,57.0,500,19,val
s28,28,56,14000,14500,56.0,58.0,500,19,val
s28,28,57,14250,14750,57.0,59.0,500,19,val
s28,28,58,14500,15000,58.0,60.0,500,19,val
s28,28,59,14750,15250,59.0,61.0,500,19,val
s28,28,60,15000,15500,60.0,62.0,500,19,val
s29,29,0,0,500,0.0,2.0,500,19,val
s29,29,1,250,750,1.0,3.0,500,19,val
s29,29,2,500,1000,2.0,4.0,500,19,val
s29,29,3,750,1250,3.0,5.0,500,19,val
s29,29,4,1000,1500,4.0,6.0,500,19,val
s29,29,5,1250,1750,5.0,7.0,500,19,val
s29,29,6,1500,2000,6.0,8.0,500,19,val
s29,29,7,1750,2250,7.0,9.0,500,19,val
s29,29,8,2000,2500,8.0,10.0,500,19,val
s29,29,9,2250,2750,9.0,11.0,500,19,val
s29,29,10,2500,3000,10.0,12.0,500,19,val
s29,29,11,2750,3250,11.0,13.0,500,19,val
s29,29,12,3000,3500,12.0,14.0,500,19,val
s29,29,13,3250,3750,13.0,15.0,500,19,val
s29,29,14,3500,4000,14.0,16.0,500,19,val
s29,29,15,3750,4250,15.0,17.0,500,19,val
s29,29,16,4000,4500,16.0,18.0,500,19,val
s29,29,17,4250,4750,17.0,19.0,500,19,val
s29,29,18,4500,5000,18.0,20.0,500,19,val
s29,29,19,4750,5250,19.0,21.0,500,19,val
s29,29,20,5000,5500,20.0,22.0,500,19,val
s29,29,21,5250,5750,21.0,23.0,500,19,val
s29,29,22,5500,6000,22.0,24.0,500,19,val
s29,29,23,5750,6250,23.0,25.0,500,19,val
s29,29,24,6000,6500,24.0,26.0,500,19,val
s29,29,25,6250,6750,25.0,27.0,500,19,val
s29,29,26,6500,7000,26.0,28.0,500,19,val
s29,29,27,6750,7250,27.0,29.0,500,19,val
s29,29,28,7000,7500,28.0,30.0,500,19,val
s29,29,29,7250,7750,29.0,31.0,500,19,val
s29,29,30,7500,8000,30.0,32.0,500,19,val
s29,29,31,7750,8250,31.0,33.0,500,19,val
s29,29,32,8000,8500,32.0,34.0,500,19,val
s29,29,33,8250,8750,33.0,35.0,500,19,val
s29,29,34,8500,9000,34.0,36.0,500,19,val
s29,29,35,8750,9250,35.0,37.0,500,19,val
s29,29,36,9000,9500,36.0,38.0,500,19,val
s29,29,37,9250,9750,37.0,39.0,500,19,val
s29,29,38,9500,10000,38.0,40.0,500,19,val
s29,29,39,9750,10250,39.0,41.0,500,19,val
s29,29,40,10000,10500,40.0,42.0,500,19,val
s29,29,41,10250,10750,41.0,43.0,500,19,val
s29,29,42,10500,11000,42.0,44.0,500,19,val
s29,29,43,10750,11250,43.0,45.0,500,19,val
s29,29,44,11000,11500,44.0,46.0,500,19,val
s29,29,45,11250,11750,45.0,47.0,500,19,val
s29,29,46,11500,12000,46.0,48.0,500,19,val
s29,29,47,11750,12250,47.0,49.0,500,19,val
s29,29,48,12000,12500,48.0,50.0,500,19,val
s29,29,49,12250,12750,49.0,51.0,500,19,val
s29,29,50,12500,13000,50.0,52.0,500,19,val
s29,29,51,12750,13250,51.0,53.0,500,19,val
s29,29,52,13000,13500,52.0,54.0,500,19,val
s29,29,53,13250,13750,53.0,55.0,500,19,val
s29,29,54,13500,14000,54.0,56.0,500,19,val
s29,29,55,13750,14250,55.0,57.0,500,19,val
s29,29,56,14000,14500,56.0,58.0,500,19,val
s29,29,57,14250,14750,57.0,59.0,500,19,val
s29,29,58,14500,15000,58.0,60.0,500,19,val
s29,29,59,14750,15250,59.0,61.0,500,19,val
s29,29,60,15000,15500,60.0,62.0,500,19,val
s30,30,0,0,500,0.0,2.0,500,19,test
s30,30,1,250,750,1.0,3.0,500,19,test
s30,30,2,500,1000,2.0,4.0,500,19,test
s30,30,3,750,1250,3.0,5.0,500,19,test
s30,30,4,1000,1500,4.0,6.0,500,19,test
s30,30,5,1250,1750,5.0,7.0,500,19,test
s30,30,6,1500,2000,6.0,8.0,500,19,test
s30,30,7,1750,2250,7.0,9.0,500,19,test
s30,30,8,2000,2500,8.0,10.0,500,19,test
s30,30,9,2250,2750,9.0,11.0,500,19,test
s30,30,10,2500,3000,10.0,12.0,500,19,test
s30,30,11,2750,3250,11.0,13.0,500,19,test
s30,30,12,3000,3500,12.0,14.0,500,19,test
s30,30,13,3250,3750,13.0,15.0,500,19,test
s30,30,14,3500,4000,14.0,16.0,500,19,test
s30,30,15,3750,4250,15.0,17.0,500,19,test
s30,30,16,4000,4500,16.0,18.0,500,19,test
s30,30,17,4250,4750,17.0,19.0,500,19,test
s30,30,18,4500,5000,18.0,20.0,500,19,test
s30,30,19,4750,5250,19.0,21.0,500,19,test
s30,30,20,5000,5500,20.0,22.0,500,19,test
s30,30,21,5250,5750,21.0,23.0,500,19,test
s30,30,22,5500,6000,22.0,24.0,500,19,test
s30,30,23,5750,6250,23.0,25.0,500,19,test
s30,30,24,6000,6500,24.0,26.0,500,19,test
s30,30,25,6250,6750,25.0,27.0,500,19,test
s30,30,26,6500,7000,26.0,28.0,500,19,test
s30,30,27,6750,7250,27.0,29.0,500,19,test
s30,30,28,7000,7500,28.0,30.0,500,19,test
s30,30,29,7250,7750,29.0,31.0,500,19,test
s30,30,30,7500,8000,30.0,32.0,500,19,test
s30,30,31,7750,8250,31.0,33.0,500,19,test
s30,30,32,8000,8500,32.0,34.0,500,19,test
s30,30,33,8250,8750,33.0,35.0,500,19,test
s30,30,34,8500,9000,34.0,36.0,500,19,test
s30,30,35,8750,9250,35.0,37.0,500,19,test
s30,30,36,9000,9500,36.0,38.0,500,19,test
s30,30,37,9250,9750,37.0,39.0,500,19,test
s30,30,38,9500,10000,38.0,40.0,500,19,test
s30,30,39,9750,10250,39.0,41.0,500,19,test
s30,30,40,10000,10500,40.0,42.0,500,19,test
s30,30,41,10250,10750,41.0,43.0,500,19,test
s30,30,42,10500,11000,42.0,44.0,500,19,test
s30,30,43,10750,11250,43.0,45.0,500,19,test
s30,30,44,11000,11500,44.0,46.0,500,19,test
s30,30,45,11250,11750,45.0,47.0,500,19,test
s30,30,46,11500,12000,46.0,48.0,500,19,test
s30,30,47,11750,12250,47.0,49.0,500,19,test
s30,30,48,12000,12500,48.0,50.0,500,19,test
s30,30,49,12250,12750,49.0,51.0,500,19,test
s30,30,50,12500,13000,50.0,52.0,500,19,test
s30,30,51,12750,13250,51.0,53.0,500,19,test
s30,30,52,13000,13500,52.0,54.0,500,19,test
s30,30,53,13250,13750,53.0,55.0,500,19,test
s30,30,54,13500,14000,54.0,56.0,500,19,test
s30,30,55,13750,14250,55.0,57.0,500,19,test
s30,30,56,14000,14500,56.0,58.0,500,19,test
s30,30,57,14250,14750,57.0,59.0,500,19,test
s30,30,58,14500,15000,58.0,60.0,500,19,test
s30,30,59,14750,15250,59.0,61.0,500,19,test
s30,30,60,15000,15500,60.0,62.0,500,19,test
s31,31,0,0,500,0.0,2.0,500,19,test
s31,31,1,250,750,1.0,3.0,500,19,test
s31,31,2,500,1000,2.0,4.0,500,19,test
s31,31,3,750,1250,3.0,5.0,500,19,test
s31,31,4,1000,1500,4.0,6.0,500,19,test
s31,31,5,1250,1750,5.0,7.0,500,19,test
s31,31,6,1500,2000,6.0,8.0,500,19,test
s31,31,7,1750,2250,7.0,9.0,500,19,test
s31,31,8,2000,2500,8.0,10.0,500,19,test
s31,31,9,2250,2750,9.0,11.0,500,19,test
s31,31,10,2500,3000,10.0,12.0,500,19,test
s31,31,11,2750,3250,11.0,13.0,500,19,test
s31,31,12,3000,3500,12.0,14.0,500,19,test
s31,31,13,3250,3750,13.0,15.0,500,19,test
s31,31,14,3500,4000,14.0,16.0,500,19,test
s31,31,15,3750,4250,15.0,17.0,500,19,test
s31,31,16,4000,4500,16.0,18.0,500,19,test
s31,31,17,4250,4750,17.0,19.0,500,19,test
s31,31,18,4500,5000,18.0,20.0,500,19,test
s31,31,19,4750,5250,19.0,21.0,500,19,test
s31,31,20,5000,5500,20.0,22.0,500,19,test
s31,31,21,5250,5750,21.0,23.0,500,19,test
s31,31,22,5500,6000,22.0,24.0,500,19,test
s31,31,23,5750,6250,23.0,25.0,500,19,test
s31,31,24,6000,6500,24.0,26.0,500,19,test
s31,31,25,6250,6750,25.0,27.0,500,19,test
s31,31,26,6500,7000,26.0,28.0,500,19,test
s31,31,27,6750,7250,27.0,29.0,500,19,test
s31,31,28,7000,7500,28.0,30.0,500,19,test
s31,31,29,7250,7750,29.0,31.0,500,19,test
s31,31,30,7500,8000,30.0,32.0,500,19,test
s31,31,31,7750,8250,31.0,33.0,500,19,test
s31,31,32,8000,8500,32.0,34.0,500,19,test
s31,31,33,8250,8750,33.0,35.0,500,19,test
s31,31,34,8500,9000,34.0,36.0,500,19,test
s31,31,35,8750,9250,35.0,37.0,500,19,test
s31,31,36,9000,9500,36.0,38.0,500,19,test
s31,31,37,9250,9750,37.0,39.0,500,19,test
s31,31,38,9500,10000,38.0,40.0,500,19,test
s31,31,39,9750,10250,39.0,41.0,500,19,test
s31,31,40,10000,10500,40.0,42.0,500,19,test
s31,31,41,10250,10750,41.0,43.0,500,19,test
s31,31,42,10500,11000,42.0,44.0,500,19,test
s31,31,43,10750,11250,43.0,45.0,500,19,test
s31,31,44,11000,11500,44.0,46.0,500,19,test
s31,31,45,11250,11750,45.0,47.0,500,19,test
s31,31,46,11500,12000,46.0,48.0,500,19,test
s31,31,47,11750,12250,47.0,49.0,500,19,test
s31,31,48,12000,12500,48.0,50.0,500,19,test
s31,31,49,12250,12750,49.0,51.0,500,19,test
s31,31,50,12500,13000,50.0,52.0,500,19,test
s31,31,51,12750,13250,51.0,53.0,500,19,test
s31,31,52,13000,13500,52.0,54.0,500,19,test
s31,31,53,13250,13750,53.0,55.0,500,19,test
s31,31,54,13500,14000,54.0,56.0,500,19,test
s31,31,55,13750,14250,55.0,57.0,500,19,test
s31,31,56,14000,14500,56.0,58.0,500,19,test
s31,31,57,14250,14750,57.0,59.0,500,19,test
s31,31,58,14500,15000,58.0,60.0,500,19,test
s31,31,59,14750,15250,59.0,61.0,500,19,test
s31,31,60,15000,15500,60.0,62.0,500,19,test
s32,32,0,0,500,0.0,2.0,500,19,test
s32,32,1,250,750,1.0,3.0,500,19,test
s32,32,2,500,1000,2.0,4.0,500,19,test
s32,32,3,750,1250,3.0,5.0,500,19,test
s32,32,4,1000,1500,4.0,6.0,500,19,test
s32,32,5,1250,1750,5.0,7.0,500,19,test
s32,32,6,1500,2000,6.0,8.0,500,19,test
s32,32,7,1750,2250,7.0,9.0,500,19,test
s32,32,8,2000,2500,8.0,10.0,500,19,test
s32,32,9,2250,2750,9.0,11.0,500,19,test
s32,32,10,2500,3000,10.0,12.0,500,19,test
s32,32,11,2750,3250,11.0,13.0,500,19,test
s32,32,12,3000,3500,12.0,14.0,500,19,test
s32,32,13,3250,3750,13.0,15.0,500,19,test
s32,32,14,3500,4000,14.0,16.0,500,19,test
s32,32,15,3750,4250,15.0,17.0,500,19,test
s32,32,16,4000,4500,16.0,18.0,500,19,test
s32,32,17,4250,4750,17.0,19.0,500,19,test
s32,32,18,4500,5000,18.0,20.0,500,19,test
s32,32,19,4750,5250,19.0,21.0,500,19,test
s32,32,20,5000,5500,20.0,22.0,500,19,test
s32,32,21,5250,5750,21.0,23.0,500,19,test
s32,32,22,5500,6000,22.0,24.0,500,19,test
s32,32,23,5750,6250,23.0,25.0,500,19,test
s32,32,24,6000,6500,24.0,26.0,500,19,test
s32,32,25,6250,6750,25.0,27.0,500,19,test
s32,32,26,6500,7000,26.0,28.0,500,19,test
s32,32,27,6750,7250,27.0,29.0,500,19,test
s32,32,28,7000,7500,28.0,30.0,500,19,test
s32,32,29,7250,7750,29.0,31.0,500,19,test
s32,32,30,7500,8000,30.0,32.0,500,19,test
s32,32,31,7750,8250,31.0,33.0,500,19,test
s32,32,32,8000,8500,32.0,34.0,500,19,test
s32,32,33,8250,8750,33.0,35.0,500,19,test
s32,32,34,8500,9000,34.0,36.0,500,19,test
s32,32,35,8750,9250,35.0,37.0,500,19,test
s32,32,36,9000,9500,36.0,38.0,500,19,test
s32,32,37,9250,9750,37.0,39.0,500,19,test
s32,32,38,9500,10000,38.0,40.0,500,19,test
s32,32,39,9750,10250,39.0,41.0,500,19,test
s32,32,40,10000,10500,40.0,42.0,500,19,test
s32,32,41,10250,10750,41.0,43.0,500,19,test
s32,32,42,10500,11000,42.0,44.0,500,19,test
s32,32,43,10750,11250,43.0,45.0,500,19,test
s32,32,44,11000,11500,44.0,46.0,500,19,test
s32,32,45,11250,11750,45.0,47.0,500,19,test
s32,32,46,11500,12000,46.0,48.0,500,19,test
s32,32,47,11750,12250,47.0,49.0,500,19,test
s32,32,48,12000,12500,48.0,50.0,500,19,test
s32,32,49,12250,12750,49.0,51.0,500,19,test
s32,32,50,12500,13000,50.0,52.0,500,19,test
s32,32,51,12750,13250,51.0,53.0,500,19,test
s32,32,52,13000,13500,52.0,54.0,500,19,test
s32,32,53,13250,13750,53.0,55.0,500,19,test
s32,32,54,13500,14000,54.0,56.0,500,19,test
s32,32,55,13750,14250,55.0,57.0,500,19,test
s32,32,56,14000,14500,56.0,58.0,500,19,test
s32,32,57,14250,14750,57.0,59.0,500,19,test
s32,32,58,14500,15000,58.0,60.0,500,19,test
s32,32,59,14750,15250,59.0,61.0,500,19,test
s32,32,60,15000,15500,60.0,62.0,500,19,test
s33,33,0,0,500,0.0,2.0,500,19,test
s33,33,1,250,750,1.0,3.0,500,19,test
s33,33,2,500,1000,2.0,4.0,500,19,test
s33,33,3,750,1250,3.0,5.0,500,19,test
s33,33,4,1000,1500,4.0,6.0,500,19,test
s33,33,5,1250,1750,5.0,7.0,500,19,test
s33,33,6,1500,2000,6.0,8.0,500,19,test
s33,33,7,1750,2250,7.0,9.0,500,19,test
s33,33,8,2000,2500,8.0,10.0,500,19,test
s33,33,9,2250,2750,9.0,11.0,500,19,test
s33,33,10,2500,3000,10.0,12.0,500,19,test
s33,33,11,2750,3250,11.0,13.0,500,19,test
s33,33,12,3000,3500,12.0,14.0,500,19,test
s33,33,13,3250,3750,13.0,15.0,500,19,test
s33,33,14,3500,4000,14.0,16.0,500,19,test
s33,33,15,3750,4250,15.0,17.0,500,19,test
s33,33,16,4000,4500,16.0,18.0,500,19,test
s33,33,17,4250,4750,17.0,19.0,500,19,test
s33,33,18,4500,5000,18.0,20.0,500,19,test
s33,33,19,4750,5250,19.0,21.0,500,19,test
s33,33,20,5000,5500,20.0,22.0,500,19,test
s33,33,21,5250,5750,21.0,23.0,500,19,test
s33,33,22,5500,6000,22.0,24.0,500,19,test
s33,33,23,5750,6250,23.0,25.0,500,19,test
s33,33,24,6000,6500,24.0,26.0,500,19,test
s33,33,25,6250,6750,25.0,27.0,500,19,test
s33,33,26,6500,7000,26.0,28.0,500,19,test
s33,33,27,6750,7250,27.0,29.0,500,19,test
s33,33,28,7000,7500,28.0,30.0,500,19,test
s33,33,29,7250,7750,29.0,31.0,500,19,test
s33,33,30,7500,8000,30.0,32.0,500,19,test
s33,33,31,7750,8250,31.0,33.0,500,19,test
s33,33,32,8000,8500,32.0,34.0,500,19,test
s33,33,33,8250,8750,33.0,35.0,500,19,test
s33,33,34,8500,9000,34.0,36.0,500,19,test
s33,33,35,8750,9250,35.0,37.0,500,19,test
s33,33,36,9000,9500,36.0,38.0,500,19,test
s33,33,37,9250,9750,37.0,39.0,500,19,test
s33,33,38,9500,10000,38.0,40.0,500,19,test
s33,33,39,9750,10250,39.0,41.0,500,19,test
s33,33,40,10000,10500,40.0,42.0,500,19,test
s33,33,41,10250,10750,41.0,43.0,500,19,test
s33,33,42,10500,11000,42.0,44.0,500,19,test
s33,33,43,10750,11250,43.0,45.0,500,19,test
s33,33,44,11000,11500,44.0,46.0,500,19,test
s33,33,45,11250,11750,45.0,47.0,500,19,test
s33,33,46,11500,12000,46.0,48.0,500,19,test
s33,33,47,11750,12250,47.0,49.0,500,19,test
s33,33,48,12000,12500,48.0,50.0,500,19,test
s33,33,49,12250,12750,49.0,51.0,500,19,test
s33,33,50,12500,13000,50.0,52.0,500,19,test
s33,33,51,12750,13250,51.0,53.0,500,19,test
s33,33,52,13000,13500,52.0,54.0,500,19,test
s33,33,53,13250,13750,53.0,55.0,500,19,test
s33,33,54,13500,14000,54.0,56.0,500,19,test
s33,33,55,13750,14250,55.0,57.0,500,19,test
s33,33,56,14000,14500,56.0,58.0,500,19,test
s33,33,57,14250,14750,57.0,59.0,500,19,test
s33,33,58,14500,15000,58.0,60.0,500,19,test
s33,33,59,14750,15250,59.0,61.0,500,19,test
s33,33,60,15000,15500,60.0,62.0,500,19,test
s34,34,0,0,500,0.0,2.0,500,19,test
s34,34,1,250,750,1.0,3.0,500,19,test
s34,34,2,500,1000,2.0,4.0,500,19,test
s34,34,3,750,1250,3.0,5.0,500,19,test
s34,34,4,1000,1500,4.0,6.0,500,19,test
s34,34,5,1250,1750,5.0,7.0,500,19,test
s34,34,6,1500,2000,6.0,8.0,500,19,test
s34,34,7,1750,2250,7.0,9.0,500,19,test
s34,34,8,2000,2500,8.0,10.0,500,19,test
s34,34,9,2250,2750,9.0,11.0,500,19,test
s34,34,10,2500,3000,10.0,12.0,500,19,test
s34,34,11,2750,3250,11.0,13.0,500,19,test
s34,34,12,3000,3500,12.0,14.0,500,19,test
s34,34,13,3250,3750,13.0,15.0,500,19,test
s34,34,14,3500,4000,14.0,16.0,500,19,test
s34,34,15,3750,4250,15.0,17.0,500,19,test
s34,34,16,4000,4500,16.0,18.0,500,19,test
s34,34,17,4250,4750,17.0,19.0,500,19,test
s34,34,18,4500,5000,18.0,20.0,500,19,test
s34,34,19,4750,5250,19.0,21.0,500,19,test
s34,34,20,5000,5500,20.0,22.0,500,19,test
s34,34,21,5250,5750,21.0,23.0,500,19,test
s34,34,22,5500,6000,22.0,24.0,500,19,test
s34,34,23,5750,6250,23.0,25.0,500,19,test
s34,34,24,6000,6500,24.0,26.0,500,19,test
s34,34,25,6250,6750,25.0,27.0,500,19,test
s34,34,26,6500,7000,26.0,28.0,500,19,test
s34,34,27,6750,7250,27.0,29.0,500,19,test
s34,34,28,7000,7500,28.0,30.0,500,19,test
s34,34,29,7250,7750,29.0,31.0,500,19,test
s34,34,30,7500,8000,30.0,32.0,500,19,test
s34,34,31,7750,8250,31.0,33.0,500,19,test
s34,34,32,8000,8500,32.0,34.0,500,19,test
s34,34,33,8250,8750,33.0,35.0,500,19,test
s34,34,34,8500,9000,34.0,36.0,500,19,test
s34,34,35,8750,9250,35.0,37.0,500,19,test
s34,34,36,9000,9500,36.0,38.0,500,19,test
s34,34,37,9250,9750,37.0,39.0,500,19,test
s34,34,38,9500,10000,38.0,40.0,500,19,test
s34,34,39,9750,10250,39.0,41.0,500,19,test
s34,34,40,10000,10500,40.0,42.0,500,19,test
s34,34,41,10250,10750,41.0,43.0,500,19,test
s34,34,42,10500,11000,42.0,44.0,500,19,test
s34,34,43,10750,11250,43.0,45.0,500,19,test
s34,34,44,11000,11500,44.0,46.0,500,19,test
s34,34,45,11250,11750,45.0,47.0,500,19,test
s34,34,46,11500,12000,46.0,48.0,500,19,test
s34,34,47,11750,12250,47.0,49.0,500,19,test
s34,34,48,12000,12500,48.0,50.0,500,19,test
s34,34,49,12250,12750,49.0,51.0,500,19,test
s34,34,50,12500,13000,50.0,52.0,500,19,test
s34,34,51,12750,13250,51.0,53.0,500,19,test
s34,34,52,13000,13500,52.0,54.0,500,19,test
s34,34,53,13250,13750,53.0,55.0,500,19,test
s34,34,54,13500,14000,54.0,56.0,500,19,test
s34,34,55,13750,14250,55.0,57.0,500,19,test
s34,34,56,14000,14500,56.0,58.0,500,19,test
s34,34,57,14250,14750,57.0,59.0,500,19,test
s34,34,58,14500,15000,58.0,60.0,500,19,test
s34,34,59,14750,15250,59.0,61.0,500,19,test
s34,34,60,15000,15500,60.0,62.0,500,19,test
s35,35,0,0,500,0.0,2.0,500,19,test
s35,35,1,250,750,1.0,3.0,500,19,test
s35,35,2,500,1000,2.0,4.0,500,19,test
s35,35,3,750,1250,3.0,5.0,500,19,test
s35,35,4,1000,1500,4.0,6.0,500,19,test
s35,35,5,1250,1750,5.0,7.0,500,19,test
s35,35,6,1500,2000,6.0,8.0,500,19,test
s35,35,7,1750,2250,7.0,9.0,500,19,test
s35,35,8,2000,2500,8.0,10.0,500,19,test
s35,35,9,2250,2750,9.0,11.0,500,19,test
s35,35,10,2500,3000,10.0,12.0,500,19,test
s35,35,11,2750,3250,11.0,13.0,500,19,test
s35,35,12,3000,3500,12.0,14.0,500,19,test
s35,35,13,3250,3750,13.0,15.0,500,19,test
s35,35,14,3500,4000,14.0,16.0,500,19,test
s35,35,15,3750,4250,15.0,17.0,500,19,test
s35,35,16,4000,4500,16.0,18.0,500,19,test
s35,35,17,4250,4750,17.0,19.0,500,19,test
s35,35,18,4500,5000,18.0,20.0,500,19,test
s35,35,19,4750,5250,19.0,21.0,500,19,test
s35,35,20,5000,5500,20.0,22.0,500,19,test
s35,35,21,5250,5750,21.0,23.0,500,19,test
s35,35,22,5500,6000,22.0,24.0,500,19,test
s35,35,23,5750,6250,23.0,25.0,500,19,test
s35,35,24,6000,6500,24.0,26.0,500,19,test
s35,35,25,6250,6750,25.0,27.0,500,19,test
s35,35,26,6500,7000,26.0,28.0,500,19,test
s35,35,27,6750,7250,27.0,29.0,500,19,test
s35,35,28,7000,7500,28.0,30.0,500,19,test
s35,35,29,7250,7750,29.0,31.0,500,19,test
s35,35,30,7500,8000,30.0,32.0,500,19,test
s35,35,31,7750,8250,31.0,33.0,500,19,test
s35,35,32,8000,8500,32.0,34.0,500,19,test
s35,35,33,8250,8750,33.0,35.0,500,19,test
s35,35,34,8500,9000,34.0,36.0,500,19,test
s35,35,35,8750,9250,35.0,37.0,500,19,test
s35,35,36,9000,9500,36.0,38.0,500,19,test
s35,35,37,9250,9750,37.0,39.0,500,19,test
s35,35,38,9500,10000,38.0,40.0,500,19,test
s35,35,39,9750,10250,39.0,41.0,500,19,test
s35,35,40,10000,10500,40.0,42.0,500,19,test
s35,35,41,10250,10750,41.0,43.0,500,19,test
s35,35,42,10500,11000,42.0,44.0,500,19,test
s35,35,43,10750,11250,43.0,45.0,500,19,test
s35,35,44,11000,11500,44.0,46.0,500,19,test
s35,35,45,11250,11750,45.0,47.0,500,19,test
s35,35,46,11500,12000,46.0,48.0,500,19,test
s35,35,47,11750,12250,47.0,49.0,500,19,test
s35,35,48,12000,12500,48.0,50.0,500,19,test
s35,35,49,12250,12750,49.0,51.0,500,19,test
s35,35,50,12500,13000,50.0,52.0,500,19,test
s35,35,51,12750,13250,51.0,53.0,500,19,test
s35,35,52,13000,13500,52.0,54.0,500,19,test
s35,35,53,13250,13750,53.0,55.0,500,19,test
s35,35,54,13500,14000,54.0,56.0,500,19,test
s35,35,55,13750,14250,55.0,57.0,500,19,test
s35,35,56,14000,14500,56.0,58.0,500,19,test
s35,35,57,14250,14750,57.0,59.0,500,19,test
s35,35,58,14500,15000,58.0,60.0,500,19,test
s35,35,59,14750,15250,59.0,61.0,500,19,test
s35,35,60,15000,15500,60.0,62.0,500,19,test
