subject_id,recording_id,file_name,file_path,file_format,file_size_bytes,sampling_rate,num_channels,num_samples,duration_seconds,label,session,has_annotations,has_nan,has_inf,signal_min_uV,signal_max_uV,signal_mean_uV,signal_std_uV
s00,s00_rec01,s00.csv,archive/s00.csv,csv,4431745,500.0,19,31000,62.0,,mental_arithmetic_task,False,False,False,-93.347,84.551,-0.1019,12.5655
s01,s01_rec01,s01.csv,archive/s01.csv,csv,4427919,500.0,19,31000,62.0,,mental_arithmetic_task,False,False,False,-582.73,202.96,-0.1814,17.9081
s02,s02_rec01,s02.csv,archive/s02.csv,csv,4433297,500.0,19,31000,62.0,,mental_arithmetic_task,False,False,False,-55.991,71.554,0.0468,10.9491
s03,s03_rec01,s03.csv,archive/s03.csv,csv,4453015,500.0,19,31000,62.0,,mental_arithmetic_task,False,False,False,-81.342,76.311,-0.0123,8.7296
s04,s04_rec01,s04.csv,archive/s04.csv,csv,4426745,500.0,19,31000,62.0,,mental_arithmetic_task,False,False,False,-91.738,87.648,-0.0037,13.2875
s05,s05_rec01,s05.csv,archive/s05.csv,csv,4430693,500.0,19,31000,62.0,,mental_arithmetic_task,False,False,False,-76.116,82.304,0.0209,12.2878
s06,s06_rec01,s06.csv,archive/s06.csv,csv,4463855,500.0,19,31000,62.0,,mental_arithmetic_task,False,False,False,-55.001,52.238,-0.0106,7.3673
s07,s07_rec01,s07.csv,archive/s07.csv,csv,4439460,500.0,19,31000,62.0,,mental_arithmetic_task,False,False,False,-92.347,125.48,0.0105,10.662
s08,s08_rec01,s08.csv,archive/s08.csv,csv,4457917,500.0,19,31000,62.0,,mental_arithmetic_task,False,False,False,-61.202,56.151,-0.012,8.2084
s09,s09_rec01,s09.csv,archive/s09.csv,csv,4455457,500.0,19,31000,62.0,,mental_arithmetic_task,False,False,False,-56.258,56.002,-0.0102,8.6729
s10,s10_rec01,s10.csv,archive/s10.csv,csv,4449821,500.0,19,31000,62.0,,mental_arithmetic_task,False,False,False,-51.187,57.936,-0.0362,9.3299
s11,s11_rec01,s11.csv,archive/s11.csv,csv,4473484,500.0,19,31000,62.0,,mental_arithmetic_task,False,False,False,-48.174,53.908,0.0353,6.3096
s12,s12_rec01,s12.csv,archive/s12.csv,csv,4430708,500.0,19,31000,62.0,,mental_arithmetic_task,False,False,False,-75.563,78.831,0.0332,12.0307
s13,s13_rec01,s13.csv,archive/s13.csv,csv,4451384,500.0,19,31000,62.0,,mental_arithmetic_task,False,False,False,-77.482,47.799,-0.0744,9.0384
s14,s14_rec01,s14.csv,archive/s14.csv,csv,4431943,500.0,19,31000,62.0,,mental_arithmetic_task,False,False,False,-223.37,154.24,-0.1352,14.859
s15,s15_rec01,s15.csv,archive/s15.csv,csv,4429166,500.0,19,31000,62.0,,mental_arithmetic_task,False,False,False,-97.271,137.2,0.0501,13.4102
s16,s16_rec01,s16.csv,archive/s16.csv,csv,4459102,500.0,19,31000,62.0,,mental_arithmetic_task,False,False,False,-48.635,41.783,-0.0455,7.92
s17,s17_rec01,s17.csv,archive/s17.csv,csv,4437582,500.0,19,31000,62.0,,mental_arithmetic_task,False,False,False,-72.152,55.103,-0.067,10.5865
s18,s18_rec01,s18.csv,archive/s18.csv,csv,4474862,500.0,19,31000,62.0,,mental_arithmetic_task,False,False,False,-67.06,53.388,-0.0148,6.798
s19,s19_rec01,s19.csv,archive/s19.csv,csv,4453906,500.0,19,31000,62.0,,mental_arithmetic_task,False,False,False,-47.851,54.027,-0.0167,8.4263
s20,s20_rec01,s20.csv,archive/s20.csv,csv,4441976,500.0,19,31000,62.0,,mental_arithmetic_task,False,False,False,-87.714,63.376,-0.055,11.1403
s21,s21_rec01,s21.csv,archive/s21.csv,csv,4455502,500.0,19,31000,62.0,,mental_arithmetic_task,False,False,False,-68.755,55.338,-0.0046,8.3795
s22,s22_rec01,s22.csv,archive/s22.csv,csv,4436676,500.0,19,31000,62.0,,mental_arithmetic_task,False,False,False,-111.8,79.961,-0.0283,11.3043
s23,s23_rec01,s23.csv,archive/s23.csv,csv,4438058,500.0,19,31000,62.0,,mental_arithmetic_task,False,False,False,-75.604,59.461,0.0005,10.9606
s24,s24_rec01,s24.csv,archive/s24.csv,csv,4452582,500.0,19,31000,62.0,,mental_arithmetic_task,False,False,False,-94.445,89.191,-0.0695,9.1412
s25,s25_rec01,s25.csv,archive/s25.csv,csv,4422422,500.0,19,31000,62.0,,mental_arithmetic_task,False,False,False,-125.34,97.841,-0.0552,14.4278
s26,s26_rec01,s26.csv,archive/s26.csv,csv,4452553,500.0,19,31000,62.0,,mental_arithmetic_task,False,False,False,-157.72,88.853,-0.1202,9.3995
s27,s27_rec01,s27.csv,archive/s27.csv,csv,4459897,500.0,19,31000,62.0,,mental_arithmetic_task,False,False,False,-70.314,78.572,-0.0381,8.1956
s28,s28_rec01,s28.csv,archive/s28.csv,csv,4442011,500.0,19,31000,62.0,,mental_arithmetic_task,False,False,False,-63.989,60.131,-0.0203,10.0805
s29,s29_rec01,s29.csv,archive/s29.csv,csv,4432469,500.0,19,31000,62.0,,mental_arithmetic_task,False,False,False,-65.715,79.103,0.0104,12.5349
s30,s30_rec01,s30.csv,archive/s30.csv,csv,4442453,500.0,19,31000,62.0,,mental_arithmetic_task,False,False,False,-86.894,53.643,0.0007,9.7682
s31,s31_rec01,s31.csv,archive/s31.csv,csv,4446514,500.0,19,31000,62.0,,mental_arithmetic_task,False,False,False,-103.11,96.774,-0.0309,9.2136
s32,s32_rec01,s32.csv,archive/s32.csv,csv,4437571,500.0,19,31000,62.0,,mental_arithmetic_task,False,False,False,-72.87,56.798,-0.0555,10.9316
s33,s33_rec01,s33.csv,archive/s33.csv,csv,4452535,500.0,19,31000,62.0,,mental_arithmetic_task,False,False,False,-39.429,42.076,0.0389,8.088
s34,s34_rec01,s34.csv,archive/s34.csv,csv,4439730,500.0,19,31000,62.0,,mental_arithmetic_task,False,False,False,-61.753,69.503,0.0067,10.27
s35,s35_rec01,s35.csv,archive/s35.csv,csv,4452152,500.0,19,31000,62.0,,mental_arithmetic_task,False,False,False,-51.382,50.358,-0.0493,9.4179
